Image Name,Dice Score Class 0,Dice Score Class 1,Dice Score Class 2,Dice Score Class 3,Dice Score Class 4,Dice Score Class 5
0_cfd,0.9912951822902021,0.8329626333593235,0.715517241225104,0.9172908862488621,0.444444443707389,0.6805465190456416
100_cfd,0.9799686151904564,0.7535636987553711,0.7110050698744393,0.9025233320251428,0.41165048463757187,0.842904603621936
101_cfd,0.9866525555604253,0.8494682514525544,0.707381837305528,0.8856707315385536,0.37037036931518413,0.8359930265742265
102_cfd,0.9840410918969538,0.8084720120722968,0.7040059344569711,0.8872932983273948,0.0,0.8493348457410194
103_cfd,0.984833426419767,0.820157736852662,0.6994171520818413,0.8966680723541399,0.2088167048519334,0.508474576083834
104_cfd,0.9866983363157228,0.7861784424555864,0.7015753271130296,0.8772388058064853,0.4117647047813778,0.8388545759631029
105_cfd,0.9839503783044296,0.8412828947121334,0.67463876398872,0.903325258554652,0.11920529761852551,0.8533399062295612
106_cfd,0.9854150758797126,0.7651234069702725,0.5904203320672432,0.8573969757315751,0.0,1.0
107_cfd,0.9824857811956706,0.8209664209328024,0.6893807508855059,0.8825024436202341,0.5285171092613743,0.776533511551351
108_cfd,0.9878917203193216,0.8374573751491887,0.7559961622142641,0.906693711783632,0.14871794833662064,0.8394910316051677
109_cfd,0.990423546447349,0.8853599164897786,0.7479935792541483,0.8981636058225868,0.2868686862891542,0.8019111569212408
10_cfd,0.9933779905828952,0.9202649851608057,0.7876223219286902,0.9055826150420414,0.15953307361958546,0.8071840052851263
110_cfd,0.9925891052521721,0.8951713394941455,0.7745825601172118,0.900372300684978,0.12635379038564298,0.8543579600431759
111_cfd,0.9925294837846965,0.905284147487899,0.8057441251159937,0.9287090557140113,0.26339285655492667,0.8768150782886032
112_cfd,0.9876496967456454,0.8037892923206696,0.7137881580180725,0.8599534965373004,0.2041379307529132,0.8649871774879327
113_cfd,0.9903268730328415,0.8291274945712414,0.7314012546365697,0.9218151993946027,0.0,0.8675873273056387
114_cfd,0.9900188171520538,0.9292679754954318,0.7713661882764556,0.8908338636392689,0.2723521316748939,0.8536657761313694
115_cfd,0.9892728899275873,0.8620894105975282,0.7420901244625862,0.9047034762976066,0.0,0.8719185005932095
116_cfd,0.9868959614339898,0.8460640780370219,0.6627051497841808,0.875527850216061,0.23935091229340585,0.8531589160602918
117_cfd,0.9860253113813862,0.8441076897821426,0.7407407406234978,0.9016992217084803,0.4033214704586934,0.8563776875922888
118_cfd,0.9897451723996011,0.9299914703149404,0.6874230429749475,0.868758121242109,0.3194805190656097,0.8747917822824269
119_cfd,0.9891299465460648,0.8438574768988955,0.7254845239440311,0.8947878316421647,0.15086206864038348,0.8419408196248905
11_cfd,0.9932462438365328,0.9026115631667139,0.6470154750747916,0.8828451880998232,0.029411764619377164,0.0
120_cfd,0.9916800755859547,0.8630115341394365,0.7602339179063644,0.9004124924571965,0.08163265287611643,0.82271430500982
121_cfd,0.9867201460907871,0.8069061092038973,0.7508090613266862,0.8813614791553982,0.22402597366229549,0.8483280635385333
122_cfd,0.988549261732054,0.822296280325613,0.7213872830285009,0.8577319585860346,0.10207939489209944,0.7494972065364252
123_cfd,0.9885163888464731,0.8876968091899333,0.7440239042589601,0.8819064965267294,0.4455569456250852,0.8537821942233635
124_cfd,0.9876126866797265,0.7862877762033118,0.7135271806034066,0.8744292235446508,0.07239818988145207,0.1864594893871774
125_cfd,0.9876855323723477,0.6968693058889457,0.7570485900548745,0.914694363883076,0.022988505681067514,0.8586329337706798
126_cfd,0.9876401765846463,0.8799683214928492,0.7149244196902439,0.8841732978100488,0.41148325293224364,0.827921790601794
127_cfd,0.9927665306266605,0.8707280831232562,0.7633410671082734,0.8885054990535894,0.13197969509649823,0.8468153720979823
128_cfd,0.9887462835686961,0.852395636726083,0.697262479590474,0.8961669090499351,0.16713091875450997,0.8230897008827395
129_cfd,0.9893482644590925,0.8600443875943208,0.7179980748418358,0.9212918195859037,0.1361702124762336,0.8397835355165806
12_cfd,0.9906150932292331,0.919681846466026,0.763689360657154,0.9270386264564149,0.08771929798912487,0.6737416615109548
130_cfd,0.98777455620609,0.8509310517941152,0.7637449498043658,0.915887850324628,0.045871559527817525,0.8321760774489485
131_cfd,0.9905157035713612,0.8219590525068287,0.7231386534277443,0.874926137310434,0.0,0.8297920433058553
132_cfd,0.9894819559879834,0.8585154191183546,0.7366897216122422,0.8753472220702522,0.12288135567186154,0.8784332084208464
133_cfd,0.976996217580973,0.6939848904707858,0.6960263222738481,0.8920957689583312,0.0,0.7939911135627342
134_cfd,0.9892297363163916,0.6321907246314564,0.7523071241224412,0.8960817715297952,0.07980049855411347,0.8469535464078229
135_cfd,0.9889011222797857,0.8711364224244816,0.759840471517281,0.9050699562351331,0.07352941158448674,0.8409542742493844
136_cfd,0.9884630116889791,0.8845184562492208,0.7612469664436724,0.8993954424276243,0.439414113928876,0.8628191297318573
137_cfd,0.9923787556786489,0.8689390301614076,0.7355646896191887,0.8693577980056224,0.3284457473189945,0.850526315661575
138_cfd,0.9874971001554976,0.7723440134256033,0.7613683769792723,0.916067146126059,0.0,0.8137973767619748
139_cfd,0.9889348037883765,0.8373027686188372,0.7419750919589589,0.8800494639571208,0.3582089546298359,0.8486641032388185
13_cfd,0.9908451766673891,0.8445213822629658,0.5918904683560344,0.9108870965905469,0.1506024091849325,0.7986316987916461
140_cfd,0.9911093207663662,0.8778965616366428,0.7281713341917063,0.9097250716229534,0.028301886725703097,0.8321167882043631
141_cfd,0.9890505536494261,0.8895955992569686,0.6270352136966925,0.878220140343829,0.11235955035138662,0.7657982260579548
142_cfd,0.9884763919165274,0.8523043305099174,0.6831858405064348,0.8818671452635786,0.08492568984092211,0.8823988213118642
143_cfd,0.989491266778732,0.9104265046915203,0.6649554581511467,0.8626656273012212,0.2266500619842465,0.8626806832405813
144_cfd,0.9928157188589034,0.8903430497131111,0.7614767252772146,0.8907330565028277,0.0,0.8047464938932585
145_cfd,0.9897302996216637,0.862175183566687,0.7154747224544582,0.8729874774824709,0.2928104571335811,0.8991562217662689
146_cfd,0.9731816377473895,0.7833793957503393,0.6958561374714901,0.8684210524771655,0.310791366459293,0.6000762485322102
147_cfd,0.990297361582945,0.911756660598952,0.6887298745710406,0.9221783197178872,0.3271889393382743,0.8637199263956742
148_cfd,0.9885796035132054,0.806142575316558,0.7839912278552655,0.9310040584205039,0.38305708953396483,0.8461679165130631
149_cfd,0.9905827995531639,0.8922275397775351,0.7275219296251311,0.9249664170168937,0.29392971152099134,0.849058287882794
14_cfd,0.9915556216159384,0.899230672159211,0.6688605509383544,0.8997524750619322,0.00531914892202354,0.5551382722584028
150_cfd,0.9882776275592168,0.8710585316571551,0.6998867494526664,0.8873145891327618,0.08333333306623932,0.8120269132872133
151_cfd,0.9875099665517536,0.8829174663609056,0.7312653561530612,0.8986960881360229,0.3308714913871913,0.7888062047176599
152_cfd,0.9896450274010588,0.82556263915619,0.7127929961274236,0.8975356677696636,0.3517382405894924,0.8303609340944414
153_cfd,0.9891596917497528,0.8609971489561924,0.7381974247063374,0.9009200281491648,0.16549295745511802,0.8385867681989446
154_cfd,0.9860410366880612,0.8072593903625105,0.7779648783310164,0.9142677362098053,0.008928571408641582,0.8588221182164554
155_cfd,0.9898356259029266,0.867150695512545,0.7430555554037876,0.9433010223153232,0.2163355403612902,0.8520329745910251
156_cfd,0.9916581521664087,0.8915202443933139,0.711864406538351,0.9003044138317533,0.0,0.8121619996620404
157_cfd,0.9904912389585296,0.8134480267375764,0.47904191559396175,0.8710581636751724,0.0,0.8905206941599332
158_cfd,0.989018169334434,0.8760526627401226,0.7454175150580689,0.9068553139789699,0.22513088946300813,0.8514907848251981
159_cfd,0.9896987846397873,0.8910451546872752,0.6182795697078018,0.8949044583951536,0.28571428515515795,0.8598611110513985
15_cfd,0.9936851773871063,0.9264200686325461,0.6661602731993315,0.8993783992036949,0.2942430697350894,0.8568599715902602
160_cfd,0.9928251735272816,0.9061995066837146,0.7139534880953669,0.8962620745702935,0.3277310917484641,0.8273355142581684
161_cfd,0.9906500472730012,0.8919496049064729,0.606408416735338,0.9042801554074501,0.0,0.8848197615334755
162_cfd,0.9826793891240466,0.5101941747160037,0.790285110709549,0.9189627227035716,0.22596153791836168,0.8884888677509721
163_cfd,0.991569026070965,0.8852573503118054,0.666666666443552,0.8896443512317876,0.0,0.8134103464573819
164_cfd,0.989944563797142,0.8809307786261978,0.7389732463873286,0.9034801987136155,0.34243176093689387,0.8731272191155168
165_cfd,0.991739265040644,0.9019663118682101,0.7684162060846187,0.9012236210496145,0.3680555549165702,0.8898484462882187
166_cfd,0.9863966443377661,0.8375242545108492,0.688392856835539,0.9147358663311548,0.38709677353633826,0.8468276008495164
167_cfd,0.992540548311829,0.9391787894871566,0.708123249101366,0.8972397737117991,0.14130434744210776,0.8417227455125541
168_cfd,0.9921580396916458,0.9025855313917832,0.7734689551232318,0.9117790412815956,0.4830188670131719,0.8770265608074312
169_cfd,0.989823145248338,0.8357598977577045,0.7363954067058424,0.8930028238322869,0.3167938925252025,0.8662938484268519
16_cfd,0.9920430544252802,0.9036066347379962,0.7269005845827776,0.9222868878941651,0.27777777700617284,0.7981220655778174
170_cfd,0.9929079737684279,0.9150208964258771,0.7851366118502433,0.9349558161763065,0.43622448923950957,0.8017913417147468
171_cfd,0.9901206472290774,0.8999621067734026,0.7588235292257786,0.938658577529717,0.32894736788002077,0.8454052721824707
172_cfd,0.9887592321491184,0.9149157478042497,0.71113602378342,0.9149670535119285,0.5246913572149825,0.8546936310984187
173_cfd,0.9895944569974802,0.8954182002224002,0.7101851850207904,0.9370191679570975,0.40832249621804617,0.8545512411796188
174_cfd,0.9926741055179519,0.9248708280320576,0.7677867466176483,0.9183098590112191,0.34970530383162024,0.8998800405186047
175_cfd,0.9916319628121718,0.9229008069988609,0.7500643498712833,0.9166666665120332,0.4142480205616781,0.8686598528160607
176_cfd,0.9905068620866202,0.9041250402107537,0.7255011133837692,0.9043832067866869,0.4592833868741313,0.8636984074836725
177_cfd,0.9884119901691869,0.7751532488128194,0.65606190857435,0.8864939232087837,0.0,0.8501268723213451
178_cfd,0.986976999665946,0.825120772867138,0.7177559280746802,0.9117808217512728,0.4597701143553383,0.8057121843095297
179_cfd,0.9901045290391914,0.8905646148656269,0.7378765908268283,0.8976764322560721,0.49655172328180736,0.8797435896871959
17_cfd,0.9919346622033738,0.8997320370848301,0.7361376670694272,0.910710900301287,0.0,0.8640899184695389
180_cfd,0.9881758629874773,0.8193827379409169,0.7433719431805993,0.9241745477145885,0.1720430103827032,0.8598409541888826
181_cfd,0.9917629007490274,0.8385284522618224,0.6563234599641169,0.9015928429191374,0.0,0.8858206920804959
182_cfd,0.9921043877870203,0.9108233842883906,0.6205069993868684,0.8902040814509787,0.0,0.8776459640756401
183_cfd,0.9919735232612533,0.9197567867671699,0.7471745498645511,0.9198490564649284,0.22815533925205014,0.8724190027805591
184_cfd,0.9904092836653807,0.8834332355003549,0.7067961163523633,0.8982880159318654,0.23265306074968764,0.7164673411745229
185_cfd,0.9930288490866022,0.913631997125698,0.7440443211235335,0.902723735213419,0.2462121207458104,0.9035581265628371
186_cfd,0.9911827691273553,0.9192341827742339,0.7278499276398702,0.9150684929835491,0.5270270258400293,0.8630096367040022
187_cfd,0.9895983937358431,0.839528753518773,0.6781504983326607,0.8858762630303485,0.20735785883826804,0.8517185753999604
188_cfd,0.9838024243397518,0.0,0.6387470205520099,0.9163894431323154,0.0,0.8934894068981822
189_cfd,0.9935062699808377,0.9214068605165646,0.7254305975260282,0.8979099676652109,0.1629213478569625,0.9021823246477184
18_cfd,0.9912751252018688,0.8986902727701667,0.7166624006356124,0.9235987722623811,0.35357142794005103,0.8073555164960848
190_cfd,0.9904267455200181,0.8313253011452004,0.734139864050121,0.9198593372348955,0.5211009164750442,0.8870498362234404
191_cfd,0.990002174763794,0.8521765416526469,0.570439940400178,0.8786593981670382,0.0,0.8621781161038431
192_cfd,0.990272222831757,0.8557948221113116,0.749754661187519,0.9341970676893628,0.014117647025605537,0.8258212374807968
193_cfd,0.9901653848067357,0.8002255214433165,0.7037689324748965,0.9126071883027536,0.24166666616319446,0.7945751893638379
194_cfd,0.9898889414016996,0.8832507697895802,0.7269646259845446,0.8904053499535409,0.3111831437420046,0.8487588360308435
195_cfd,0.992522419542427,0.9120374236979335,0.7120853078459464,0.927319282858515,0.08219178059673485,0.8653284670743313
196_cfd,0.989659443871021,0.8679554773949645,0.7124631990401219,0.9064878577552576,0.23041474601286924,0.8873720135780094
197_cfd,0.9931582945956794,0.9340058336816963,0.7010050249494962,0.9033248080301236,0.5074626858097572,0.8713671313865023
198_cfd,0.9909570615602877,0.9082808931943932,0.7557381008079879,0.9098648897075948,0.0,0.8936785985610298
199_cfd,0.9912504997314114,0.9332501559046532,0.7010555664805704,0.9060987413833335,0.32094594540380755,0.91664381677292
19_cfd,0.9883590122853163,0.857269424964239,0.6559598492707754,0.8749999998669403,0.5067567559007488,0.8754764929001936
1_cfd,0.9883093616594477,0.8831598611751716,0.6010716022401016,0.8537927731864577,0.0,0.6831140349940907
200_cfd,0.9901878931641974,0.8899752313329439,0.7507002799208811,0.9296148736616173,0.30942334696283635,0.8747441399224335
201_cfd,0.9903823098421158,0.8686657809006769,0.7549646582371314,0.9309486779267575,0.38356164325180875,0.8633871219752948
202_cfd,0.9872593356180475,0.7734580916728085,0.7445255472278758,0.91323008006844,0.2208201885778543,0.855547550355228
203_cfd,0.9882020478747316,0.8085489681617631,0.7148260209096725,0.9204905061470549,0.02305475497678745,0.8564809169091281
204_cfd,0.9893517398752858,0.8734583894251499,0.7728813557306699,0.9236234456618786,0.27070707016018775,0.8599521657489634
205_cfd,0.9908199807620872,0.8915391240381939,0.6851585011941072,0.9385803602540308,0.16615384564260355,0.8573335557435897
206_cfd,0.9892653945514988,0.8482058396387585,0.724720333247484,0.8886299315983636,0.008350730671501607,0.8204352378889287
207_cfd,0.9898220033090523,0.8967334034882262,0.6856606135432591,0.9141414139971368,0.41850683447055015,0.8835865035029179
208_cfd,0.9915008967858481,0.8922972819564342,0.6580728325304309,0.8991747397023367,0.5401273878469715,0.8795613290110607
209_cfd,0.9925066405684079,0.8281855302242502,0.7378048777988466,0.9047160729295678,0.0,0.8425727410654559
20_cfd,0.9947112274431069,0.910753768752688,0.6991473808165971,0.9471114725494076,0.0,0.8170993556866876
210_cfd,0.9944451312294794,0.9399383982969752,0.7406003157217693,0.8986928102739598,0.0,0.8578848649750562
211_cfd,0.9930218299726661,0.9261395952769854,0.6812526809604236,0.9023103509364543,0.35563380219078555,0.8244550495518567
212_cfd,0.9907520918846505,0.9167337087076473,0.7543956041883528,0.9239063461300205,0.5454545447253282,0.8432835820211483
213_cfd,0.9893932741385554,0.9014843188351996,0.776809852575305,0.9284197754127358,0.18548387071843567,0.5373916547999613
214_cfd,0.9895030356402493,0.9037997203836236,0.7704569604754365,0.8832145683129028,0.10389610367122055,0.8574251555323165
215_cfd,0.9840098959786551,0.8336777313328785,0.8258365757469515,0.8732225113412332,0.20724094855525474,0.551995281983095
216_cfd,0.9877757222997544,0.7801655402247577,0.6828087165003606,0.8753131622903616,0.09713024261119152,0.8842375052766455
217_cfd,0.9858379622658722,0.8206005129597848,0.7719839553310757,0.9323958895020018,0.3804347820918006,0.8662437045675817
218_cfd,0.982246907259844,0.7867763487897588,0.6762295080581496,0.8682089027570611,0.2909698991789801,0.8756818833500161
219_cfd,0.9869313700776129,0.8491952955412723,0.7210401888411978,0.8845577209499769,0.024221453245291603,0.797901097026888
21_cfd,0.9881659086414881,0.7865168538907015,0.6632183904234377,0.9124877087235773,0.0,0.8515497551755079
220_cfd,0.9856991068496045,0.8604594330050318,0.731870583724085,0.8731614464659696,0.24999999967105263,0.874421573250804
221_cfd,0.9863243115672512,0.8660067760291634,0.7528938095740076,0.9113117364292243,0.2877697836550903,0.7291178765165656
222_cfd,0.9873338973751487,0.8689942229405794,0.7155448715081952,0.8865797035404421,0.15530303000889578,0.7867469878333212
223_cfd,0.9854146986565371,0.865992308942234,0.7244765609181996,0.877441659312456,0.330917873996476,0.8382843791022793
224_cfd,0.9782533029265366,0.7678477690036796,0.7029891878942147,0.8575158521339955,0.3393103443595719,0.7707426018123124
225_cfd,0.978869635760242,0.706412180969058,0.6620723601619315,0.8596371104314212,0.45546218449120823,0.8019239177085785
226_cfd,0.985760815528022,0.82295354220432,0.7020493955065557,0.8744339232452791,0.2242562923930062,0.8021817213247064
227_cfd,0.9903198352535347,0.8813387423376433,0.7784867818965401,0.9026439842380315,0.4431137717917458,0.8259301246185787
228_cfd,0.9819645277413211,0.7763702801146419,0.7436670685332729,0.899028826745949,0.33494363875210365,0.7782938155978619
229_cfd,0.9866881923156985,0.8247051408650083,0.7099656354948573,0.8807235724739544,0.16010854795100604,0.8023645948550304
22_cfd,0.9914017765173002,0.8731462593928471,0.7280841566056474,0.892995272691664,0.2268041229319446,0.8380820012442526
230_cfd,0.9876472470299907,0.8805460750519323,0.7138822505509705,0.863309352370108,0.31525851158227175,0.8260511128458308
231_cfd,0.9880298013224585,0.8743695286176375,0.752872577473354,0.8956218272690954,0.3605577685651815,0.8424299064633243
232_cfd,0.9820792937698736,0.8304392555154647,0.7487684727219782,0.9178327949555376,0.044534412865314954,0.841254569863262
233_cfd,0.9868103773838504,0.7990046999834667,0.7227488149517924,0.910874625721504,0.3729246483104411,0.9104414260816043
234_cfd,0.9891399310510213,0.8682019034301409,0.7553559085157721,0.911624355619083,0.0,0.7932576538023293
235_cfd,0.9877862818333973,0.881376215374668,0.7617938262196291,0.8863520189322964,0.3307086610918222,0.8168152865201509
236_cfd,0.9895045998338392,0.9004000623005974,0.6946548364651255,0.8605947953390811,0.13664596245000837,0.8386411888706325
237_cfd,0.9854627718730785,0.8146353282861819,0.7644836270435592,0.9177777776320987,0.13333333307189543,0.7902978922889087
238_cfd,0.9885994116990477,0.84334097958695,0.7127047362936234,0.9024280573510728,0.0,0.7397740551733981
239_cfd,0.9792405764364719,0.8142011068055859,0.697050938227874,0.881621781461731,0.12098298653878453,0.2868167201650107
23_cfd,0.9934149162014764,0.8789649414959128,0.5319865316879986,0.8891730603390509,0.15576323939014566,0.8316790734425807
240_cfd,0.9828045775959563,0.7992176858590012,0.7196110208364308,0.8886354996410802,0.24217118947354657,0.8822947575863416
241_cfd,0.9792223289660126,0.5806337613040032,0.7293233080421919,0.8921798806407477,0.1705989107611635,0.49375866837898513
242_cfd,0.9899059017691837,0.9000582358598729,0.7666436303232794,0.9195890894580961,0.2847790502704107,0.854255903255985
243_cfd,0.9861632187280093,0.8243418660977028,0.7191690272485044,0.8643020997239629,0.408706166373995,0.873794410941077
244_cfd,0.9854784643844351,0.818413494566627,0.6475078578143207,0.9012104644862923,0.0,0.8494007294581135
245_cfd,0.9882000711656608,0.8368907444369803,0.709517923069832,0.8903467664268165,0.0,0.8212686026843998
246_cfd,0.9883153767126949,0.8793033065324396,0.7371984763569195,0.8612740987298252,0.1908127205109316,0.8690529321727168
247_cfd,0.9831352097691697,0.7619759856760989,0.7261876341069019,0.8856746580373143,0.4013050564415904,0.8475915513071582
248_cfd,0.9852768520898327,0.8514521053450453,0.6937134500388474,0.9023305460056341,0.05217391293005671,0.8807638564756433
249_cfd,0.9811347556229517,0.7614921596150177,0.7922620354380606,0.9297912712002228,0.26244343832026373,0.791539307887084
24_cfd,0.9929095732637914,0.8750782436846035,0.5671834621659021,0.8955295240507938,0.0,0.6281859068110248
250_cfd,0.9855652488606108,0.8555912974004499,0.75449683987494,0.9163563447556063,0.47346072136575296,0.8425342718485199
251_cfd,0.9889869936498645,0.8703537523794288,0.7412092080088011,0.90331715192085,0.25088339178289154,0.8745269865689577
252_cfd,0.9852887553260462,0.8447338293916452,0.7636165575262482,0.9262309442918817,0.015384615345167652,0.8459652488171874
253_cfd,0.9869119816403317,0.7862986692564663,0.7709667579228525,0.9120629007010008,0.4342857134585034,0.8663645102504649
254_cfd,0.9906684186173551,0.8718383975062616,0.7198147533179574,0.9103810772903073,0.0,0.7963544939037783
255_cfd,0.9896125702695019,0.8758110067599492,0.6931937169145582,0.9074308899550011,0.0,0.8389788084700519
256_cfd,0.9849456290307701,0.7397165571644362,0.7471980072858785,0.8908296941379018,0.17550274190950138,0.8229063223189996
257_cfd,0.976960875703213,0.7750106488492117,0.8078855815987851,0.9119155795233891,0.13358778600460347,0.8531934213648276
258_cfd,0.9899678228381424,0.8049619092021194,0.6890459359899611,0.9214922046432371,0.0,0.8308814282873278
259_cfd,0.9874882779704286,0.8287233083688295,0.7494129484235448,0.9179415853530812,0.14689265495228063,0.8318584069681069
25_cfd,0.9881524512953492,0.8401826483618634,0.624356775085984,0.9012345677326534,0.18784530334849364,0.35968992220179075
260_cfd,0.9846302395939895,0.8456348394665453,0.6823821338539325,0.8744019137012755,0.29361702065187867,0.8209076908396677
261_cfd,0.9789410967925594,0.8150339503334451,0.7486934447142461,0.888745565803169,0.3981623271084804,0.7815427314928249
262_cfd,0.9810842240676525,0.7781831719740065,0.6900031533617146,0.8761290320696496,0.027999999944,0.5676792222192759
263_cfd,0.9902777692348887,0.8989166273716949,0.7649186254475833,0.9384669477956281,0.09685230000762154,0.7325501035361869
264_cfd,0.9928971261089649,0.8455988454971622,0.7487836105636918,0.9040322578822515,0.297872339791761,0.7943287238238528
265_cfd,0.9852114221212525,0.8339392176518126,0.6795001686323877,0.8869881709031868,0.15238095189720333,0.8639053253525036
266_cfd,0.9848363016759971,0.7237965947890833,0.6947624846054171,0.835846867507005,0.0,0.85930941085182
267_cfd,0.9861492883423633,0.7976261127232309,0.7371428569088435,0.9331341051675132,0.29879518000290317,0.8276936144941677
268_cfd,0.9840404110591058,0.7680979417686259,0.7627342304664201,0.9080305067501052,0.20052770395639127,0.6179974649891008
269_cfd,0.9846210156556092,0.8204991680259401,0.6207556190240289,0.9038019900730283,0.0,0.8532661909563203
26_cfd,0.9915094642007286,0.9298538621482356,0.5663655314223887,0.9052107414360286,0.2214411243911404,0.0
270_cfd,0.985402519067609,0.8617754642353062,0.7020915769637955,0.891745112076078,0.2696629205908345,0.8352672452411816
271_cfd,0.9799797289730682,0.7834384166430615,0.7547683921991897,0.8861459099325449,0.07843137240921325,0.8389365883067201
272_cfd,0.9791824576356555,0.7758054792425546,0.6709422790648885,0.8502685282813601,0.5940298498596569,0.8833072434265471
273_cfd,0.9825903033193394,0.7847150051648927,0.709764051273784,0.9088074823213083,0.48049921921919,0.8879331330935702
274_cfd,0.9785320026394163,0.7398594183033514,0.5922165818137832,0.8960634378657425,0.27027026945864785,0.7960670064100387
275_cfd,0.9828454571752744,0.760456587103455,0.7761828812397175,0.9128844910920876,0.2505050499989797,0.660117878030423
276_cfd,0.9790650680297639,0.7197994617643012,0.7035236935894521,0.902914849459969,0.0,0.8072979492148223
277_cfd,0.9897286368834597,0.855295721962963,0.6022727270094962,0.8972146904369696,0.0,0.7782293690089717
278_cfd,0.9865270127333473,0.8872906469254723,0.7046277664578213,0.8844483056673417,0.45838668315187364,0.8622205935450512
279_cfd,0.9841398452606847,0.8036251252587862,0.7224938873097513,0.9138251703009247,0.1883767531295055,0.8473370504857395
27_cfd,0.9910029459360324,0.8912895773276743,0.7517537902802095,0.9133110601523982,0.07556675043937847,0.8450216449301924
280_cfd,0.9887536371526894,0.8921930168343588,0.7407851361280237,0.9059233447816021,0.37386569805106046,0.8185240962828157
281_cfd,0.989060657668616,0.8456104943998569,0.7964368192687441,0.932575141971451,0.0,0.8240455520560025
282_cfd,0.9885513007659658,0.7638853339669897,0.6825329363865139,0.9244959242976198,0.2786069637880251,0.8615384614134196
283_cfd,0.9867824945892798,0.8403637044975457,0.6953232459782245,0.9082672704967407,0.0,0.8617594254264491
284_cfd,0.9871254657224915,0.8885102463325577,0.7329744908184005,0.8975697568141188,0.36402569515197924,0.8160328879108204
285_cfd,0.9864263180093324,0.836833446199708,0.6162974681106419,0.9174901183504224,0.18384401062996097,0.8740366392372687
286_cfd,0.9894875657788977,0.8995225463872848,0.5501538458152899,0.8883189552603592,0.0,0.8906411338692724
287_cfd,0.9835398488077979,0.772525849301741,0.7778827975477592,0.9293413172261464,0.48253968177374656,0.8437827635936482
288_cfd,0.9887438971688808,0.8288791743283213,0.496113073854337,0.9049690861220587,0.0,0.876269273998445
289_cfd,0.9880700943811711,0.8341767431505792,0.6833503573331587,0.8949892507201935,0.4545454536471434,0.8780105736363804
28_cfd,0.9844241103352304,0.780773323839093,0.769593708841522,0.921033210162171,0.10294117621828143,0.681525735137517
290_cfd,0.9837487323401409,0.8082751249739198,0.7474593494035927,0.9258809232900744,0.14920071021456358,0.8737941480607674
291_cfd,0.9834456215872265,0.7717168333917311,0.6893724374994096,0.9171477078239137,0.06688963188331226,0.8744791136421913
292_cfd,0.985192513773934,0.7620697728512259,0.7741734245869702,0.9146005507962166,0.5714285701119157,0.8403908793693301
293_cfd,0.9856669482677601,0.782913638635165,0.6939775907934252,0.891139240318325,0.0,0.8239760238113933
294_cfd,0.9867640441068067,0.8419513621111189,0.7419936849927844,0.9027698183566819,0.4537815119694937,0.7923558336173049
295_cfd,0.9876784965473191,0.8236496998967037,0.6666666663575954,0.8982618769644816,0.0,0.9078311604605861
296_cfd,0.9811291060688341,0.7015706805939438,0.6851260203460682,0.9105174666709289,0.49438202167835954,0.8466035404819593
297_cfd,0.9867468454483668,0.8163981825270343,0.686163521796804,0.9205284951842775,0.3392857135283801,0.8823611693326087
298_cfd,0.9822706523319051,0.7956026330472281,0.7975853611021344,0.9278659082717949,0.15659955222237237,0.8507849411902476
299_cfd,0.9882820527554473,0.8728913298990627,0.7527604413092845,0.9291854275625899,0.21195652116316163,0.689314391457831
29_cfd,0.9895225626948625,0.8643255150405387,0.7250376315290924,0.9095114193539301,0.22108843499814892,0.8113385084907858
2_cfd,0.9909998726570483,0.8839151106990656,0.7558823527823776,0.9091495883638616,0.22459893008092882,0.8697060864534013
300_cfd,0.9816746783077275,0.7944339025653794,0.7709802136067818,0.8995543364930486,0.407152681695801,0.8080641357217562
301_cfd,0.9812501055241248,0.7752061506284027,0.795180722734509,0.8789106823020083,0.05627705615524447,0.8510420474697592
302_cfd,0.9835117985934705,0.8154549066078846,0.7762499997574219,0.9120051288809096,0.2601351346957177,0.904837013590533
303_cfd,0.986996558457638,0.8405523629453404,0.6061204340542347,0.8829645425531953,0.0,0.8538958086322488
304_cfd,0.9828698283185345,0.8138827433346971,0.7163962216719796,0.8968395943357503,0.2553191482571299,0.8348127299377773
305_cfd,0.9816467798344585,0.7398723350686356,0.7464136971896312,0.903115371293544,0.44483362443987107,0.8713472484941795
306_cfd,0.9848776339235895,0.7907703293407672,0.5915492954873486,0.9073109766908329,0.0,0.8505747125608246
307_cfd,0.988137363792352,0.8338777414352614,0.7144290586565464,0.9232593594912316,0.23244552001829172,0.8884625446159883
308_cfd,0.9758936838761314,0.7486287528598214,0.5754019988807466,0.905267817418046,0.02857142850340136,0.8183595996308317
309_cfd,0.9866908035528834,0.8136295613667762,0.6619616357832135,0.8888111886558022,0.2704081625754894,0.9002135649974068
30_cfd,0.9923706107737725,0.8895559898848396,0.7355943362740882,0.9028239200783172,0.42242990575246747,0.8319840930504212
310_cfd,0.9848694820593857,0.7346464534284249,0.7154886448799468,0.8776741633063312,0.16568047288260215,0.6015089161174524
311_cfd,0.9816221421174941,0.8004361257205003,0.6676444703233663,0.9062174364525499,0.10714285695153061,0.8645362199996637
312_cfd,0.9864026353634834,0.8173820314219594,0.7028407275126586,0.895127694096155,0.0,0.8143728108944904
313_cfd,0.9818477603992576,0.7786553650249025,0.6805603004166176,0.9136381397198831,0.0,0.844343733585119
314_cfd,0.9854262451493409,0.8043567950819227,0.6798843450310268,0.9043245310171594,0.0,0.8375959078212792
315_cfd,0.9839731365538016,0.7830567614402135,0.7549395456340491,0.9064006648534662,0.16058394121512423,0.797670639111908
316_cfd,0.9850291941076381,0.8025443468552883,0.6996466429447239,0.8886550936544528,0.2846153840680473,0.8489688636424415
317_cfd,0.9840126770241676,0.7963432008549809,0.6943127960028694,0.8739946378744426,0.0,0.8372039548359158
318_cfd,0.9851512162556496,0.7911389759334947,0.6949152540191729,0.8935747951144692,0.14323607389062049,0.8375350138883004
319_cfd,0.9818568007358365,0.7951253973579963,0.7426928603874717,0.909818874945697,0.28272251234889395,0.8860890831626703
31_cfd,0.9912249640797584,0.8736324252240523,0.7323410011549821,0.9098469725698857,0.4007220209373249,0.852007987480363
320_cfd,0.9861540585868976,0.8532550481670467,0.7559304163141924,0.9053940512677878,0.032258064429413806,0.8531837676395927
321_cfd,0.9801691327494392,0.7357430429263486,0.6919904491660537,0.879831342080142,0.04517453789491881,0.8486922941154386
322_cfd,0.9823520576729282,0.7575260932995115,0.7145584723831602,0.9062188225962389,0.1339491915312365,0.8614864864056413
323_cfd,0.9766559332815895,0.6973583904843274,0.6614645854372961,0.8880308877859816,0.0,0.8497864260975574
324_cfd,0.9876972326438598,0.8230211942211663,0.7030403995405913,0.9136120040914014,0.09544468525933908,0.8319442338487734
325_cfd,0.9721185904575388,0.5685578724704534,0.7733640374643324,0.9294135659272066,0.0,0.8436345726614584
326_cfd,0.9647305423641108,0.5552363362557208,0.733551287140672,0.8785714284288033,0.1927710840055575,0.8444030918376465
327_cfd,0.9833643110958086,0.795212665197318,0.7281871854956948,0.9013703263574064,0.1963190178027024,0.8736163248750008
328_cfd,0.986707407738244,0.7427506984947065,0.7145852049372312,0.9214603738341121,0.06329113904021791,0.8464097884677031
329_cfd,0.9832778712563448,0.7800130846916906,0.7703817378150044,0.9255319147444339,0.1813725485750673,0.861682035233676
32_cfd,0.9845166588814142,0.7143002959725273,0.600215130656072,0.8755001174686984,0.0,0.0
330_cfd,0.9803253790109587,0.793891186738979,0.7259395048748992,0.9145328718140946,0.04419889490552791,0.8523566745549519
331_cfd,0.9673230297439478,0.5989128644177594,0.7295315680795251,0.9005125111696544,0.3956931354028356,0.7950889076211802
332_cfd,0.9788630252534507,0.7559289764183631,0.6338461535211045,0.8864664745194433,0.0,0.7381340656820758
333_cfd,0.9515964502875239,0.5089379050671927,0.7170916607999497,0.9209576031936662,0.0760869563149811,0.898964563579718
334_cfd,0.972070025388824,0.6622490356818564,0.7205472508942116,0.9198576511146109,0.5089605725645868,0.8594034193470895
335_cfd,0.9814723684326752,0.7250694926717742,0.6327014215510658,0.9226785051937331,0.12377850122547719,0.8778692832593421
336_cfd,0.9779678348961396,0.7359143143762908,0.6873278234547769,0.8948096884265034,0.07258064501495838,0.8683522231326972
337_cfd,0.9853235924248082,0.6829001367521956,0.7442418424318037,0.925959232475126,0.21928166310154695,0.7659373523113588
338_cfd,0.9741774146055376,0.7156871789920446,0.7506607927310835,0.8967468173576991,0.19701492478503008,0.8343036687150629
339_cfd,0.980982606851369,0.7184298942588532,0.7152022313207247,0.9315734628462011,0.18113207478818086,0.8625850339158067
33_cfd,0.9918987321149723,0.9038599231332513,0.6987231728609826,0.9067211053852511,0.4061135362311932,0.7730043540242374
340_cfd,0.9825691101444943,0.7686293872868111,0.7180890767061237,0.9073569480522855,0.13670886041339528,0.8090094230281534
341_cfd,0.9861260165733176,0.7322404371144995,0.7528122293761719,0.9235444656232334,0.009049773714706907,0.833399392147787
342_cfd,0.9768881144371453,0.7701540189561548,0.7198435971222201,0.9208566106578434,0.0785340312080261,0.8789717387131588
343_cfd,0.9837843180436088,0.7489697024252085,0.7024927158619318,0.9182242988866385,0.45307443219069765,0.7753984062779633
344_cfd,0.9859668795585581,0.7763602918900872,0.657930107305803,0.9131513645899692,0.0,0.7192279137759127
345_cfd,0.9782459586915011,0.7344480055321293,0.7135599842294724,0.9106569341736267,0.3654159863533181,0.8690281291212213
346_cfd,0.9633298324645466,0.5414866511376432,0.6547185660446042,0.8910639838877897,0.34272300389032156,0.7677749691640563
347_cfd,0.9849634643627793,0.7783838213989098,0.7447262382686118,0.9203870309080993,0.2264150936276255,0.8572664358625625
348_cfd,0.9798252198246796,0.7263848396236741,0.673595072873905,0.9077408574516909,0.22695035407340342,0.8535966901303087
349_cfd,0.9767029606458634,0.7007138544340408,0.6948834715524019,0.9147236261348893,0.09708737832657806,0.8413246646849528
34_cfd,0.9924149465624432,0.9003401141692652,0.7042944782395524,0.8958837770589418,0.23152709302579533,0.8430034128494022
350_cfd,0.9693376151824049,0.6009605627883055,0.5698261354067156,0.8480725621659698,0.0,0.0
351_cfd,0.9700965870371288,0.5719046943493156,0.6669251645339569,0.890022172751658,0.27505827441711356,0.005309734508575456
352_cfd,0.9735952232710867,0.5792446028525956,0.7535362191369327,0.9003161220441904,0.24532224481221987,0.8398981940564904
353_cfd,0.9795339617278621,0.6103658854527707,0.7023506086937552,0.8791801508667421,0.22780569476079449,0.0
354_cfd,0.9783229840437231,0.7005522370975411,0.5986478177021217,0.9233023935214211,0.0,0.691631799018487
355_cfd,0.9844181378753443,0.7339220675181399,0.6938136254135421,0.907935115978094,0.1918976541750583,0.8502380951368764
356_cfd,0.9861027537762309,0.7878131474483041,0.7606896549101071,0.8941629247607091,0.0,0.8557153301418821
357_cfd,0.9631969103664363,0.5935851992566904,0.7720951097415668,0.904579567942322,0.47843137161091887,0.8605909279350319
358_cfd,0.9727924891447899,0.6655106872298006,0.7610531543067429,0.9257773318412275,0.4194528869005275,0.7710407238822183
359_cfd,0.9708597961233206,0.5757782139907945,0.7339988253863774,0.8826104256103042,0.20521172605014376,0.2949663352693279
35_cfd,0.9912950855038637,0.8893008790808384,0.7067137807106261,0.9028132990884249,0.23832528141976606,0.5397620535129856
360_cfd,0.9747280797488805,0.6340280074747665,0.5662055333170921,0.8817412331604011,0.0,0.8278167835460019
361_cfd,0.9624035610199451,0.640514716458431,0.7334963322941638,0.8718897797919206,0.075999999848,0.8451145957967292
362_cfd,0.9647272851194119,0.6269405501650843,0.6623418745824386,0.8867848507480288,0.05932203364694054,0.8169751354629861
363_cfd,0.96060413615321,0.5746187363677936,0.701465672228988,0.909805205285676,0.0,0.9030206676641307
364_cfd,0.9685846283053998,0.5996421733073969,0.7199243675916037,0.8766716194275798,0.4593967506742535,0.8497666276473502
365_cfd,0.962841713116901,0.6585174439187967,0.6201873046756201,0.8728918138887511,0.06249999967447917,0.3264694869612619
366_cfd,0.9647827629481508,0.6014163164085031,0.5963219775109069,0.8637813209877491,0.10989010958821399,0.884701076783819
367_cfd,0.9689014351535483,0.6665404381751003,0.7082228114362656,0.8786932498489807,0.03610108290216216,0.8134246574228186
368_cfd,0.9667720714132005,0.6307893201280586,0.6474269816942188,0.9304812832447514,0.0,0.8580581566217277
369_cfd,0.975985415617352,0.6780998951911247,0.7336734692005935,0.8586072815732401,0.23863636295841942,0.7650134684257623
36_cfd,0.9909560540061071,0.8471794871251808,0.7177444067674703,0.9052860020298734,0.1548387093444329,0.8044590641804716
370_cfd,0.9651252793870286,0.6899858956114249,0.6802383315093748,0.908151549768819,0.11737089174326082,0.8831575477189224
371_cfd,0.9618790091422097,0.6007936933393899,0.7160804017851506,0.9098277607072284,0.2017094013645993,0.8030335397561382
372_cfd,0.9694124395211535,0.5916608134668393,0.515665796008051,0.8908616185663547,0.0,0.8449163447804188
373_cfd,0.9746293108791302,0.6397541851861357,0.7418422136547533,0.9133990352456701,0.0,0.7816200851442254
374_cfd,0.9694861085256069,0.6529420353145585,0.6150458713339282,0.884938271386435,0.0,0.8599414318024899
375_cfd,0.9790812489491335,0.7292976328781802,0.5973236007915683,0.877959183494294,0.04618117220926968,0.7726375175214897
376_cfd,0.9814415104155166,0.7251400392241518,0.7624810890664445,0.8993314980536116,0.19757365650333855,0.26457399093252093
377_cfd,0.9811001607297569,0.7032611930480351,0.6648936166676097,0.8921719953931263,0.0,0.7607627852122562
378_cfd,0.9738875939397019,0.6516394937209892,0.6939343348097011,0.9205583317386595,0.06329113904021791,0.8160854253304458
379_cfd,0.9640291779271408,0.6561607406516261,0.6552584667895692,0.8947481241383176,0.2826086948842155,0.8147194506153074
37_cfd,0.9920206856130093,0.8934140801746091,0.7064004695518495,0.9064506265810989,0.5018315009123965,0.7522506300410063
380_cfd,0.9589221962575704,0.6284520657591884,0.7400257399066882,0.9197149642249065,0.45797807495983184,0.7915453466201288
381_cfd,0.9755036567772752,0.6929188495058488,0.6834597873494811,0.8997821349128935,0.16111111066358025,0.7954350226045607
382_cfd,0.9719551677082369,0.6316187854590876,0.6476368738195429,0.8702095041210502,0.0,0.10536491053389807
383_cfd,0.9567346194644148,0.5874148707764854,0.7676991148319416,0.9183303083910571,0.32193158888947365,0.8903888776052399
384_cfd,0.9803207510326921,0.6118229783239031,0.6139737988585268,0.8680894829344075,0.0,0.35795197083916996
385_cfd,0.969109854272884,0.6888990406393223,0.6237410069698773,0.9085689043929839,0.24367816035936055,0.7980259989410176
386_cfd,0.9591819084984587,0.44126095072378063,0.6205931727418598,0.9011456627003035,0.11359724593184639,0.8281508434644268
387_cfd,0.9612728396546246,0.5924179504194932,0.7798585100333211,0.9304677621954673,0.31125827763036706,0.7461124835422013
388_cfd,0.9732412383822872,0.6735869273816774,0.6113495466803293,0.9026769037346593,0.0,0.8628145523678832
389_cfd,0.9726750695507637,0.725420516446197,0.5901132849690457,0.9255802821427183,0.0,0.8504031771753034
38_cfd,0.9910733983164244,0.932503528748075,0.7167778346031868,0.9074534160081593,0.5054054047224251,0.7808320949998969
390_cfd,0.9710516261898047,0.6072474626862187,0.6687456685139481,0.8682008365930437,0.033333333194444446,0.7886792451590127
391_cfd,0.9588230885339811,0.5762958868168473,0.7495060371570788,0.8974734527833259,0.3575883568449307,0.8218669710502616
392_cfd,0.9581054344029575,0.5941940074944371,0.7238413758423694,0.923756905907227,0.019900497462934087,0.8556639457639196
393_cfd,0.9696611381193518,0.6364299996624105,0.6771004939550658,0.873388289817504,0.05714285696145125,0.747358309228223
394_cfd,0.9635408529072231,0.6381841109549008,0.7247191009200228,0.8896672502820197,0.2670623137475896,0.04412811384759564
395_cfd,0.9802523595619639,0.6463281533887881,0.7481949456795588,0.9202898549335311,0.32220609532335837,0.8471197409906641
396_cfd,0.9522468324789777,0.5176292177298716,0.6666666664317595,0.8724075741946781,0.24258760042429217,0.629968544376613
397_cfd,0.9749270366211606,0.6021431632832344,0.6734479127767633,0.9254561249477921,0.083999999832,0.8109020115754831
398_cfd,0.9634933024288586,0.6843286316018427,0.6550416980907148,0.9099999998374999,0.2711864401672572,0.8413793102653396
399_cfd,0.9583425852131887,0.6274955891766297,0.7514155249769103,0.926174496503024,0.5495608525099613,0.8185850520272139
39_cfd,0.9917168262217494,0.9214552872389106,0.6783232457569326,0.8820344543261633,0.41322313964210095,0.7820497837113416
3_cfd,0.9898519606714886,0.8871815151185141,0.696420480132211,0.9035989715771852,0.2087378635710246,0.8330694412086553
400_cfd,0.9679590425488281,0.6531160663049423,0.647824318697067,0.9188467697652366,0.2466281305459959,0.8999533798694682
401_cfd,0.9602800357472011,0.6209888081908359,0.7187620886968039,0.9229511545221845,0.05929919121482698,0.6471081306271776
402_cfd,0.9696370206503414,0.639755684547661,0.6750436297818347,0.9107497023183756,0.12256267375330732,0.8060007692260545
403_cfd,0.9643125761838224,0.6532232219732966,0.675034867268119,0.8614420060895628,0.01286173629304908,0.8899426385552625
404_cfd,0.965387611702122,0.6481004330725262,0.7012209166779034,0.8563265304374843,0.18925831153642375,0.8658775785684222
405_cfd,0.9646517748135388,0.6022748662076884,0.727744165736749,0.8847719867905594,0.013114754055361463,0.838641931949835
406_cfd,0.9671188644015534,0.5740578154790082,0.6800151111900208,0.9153439151576426,0.04225352097798056,0.8105022830124997
407_cfd,0.9529075408014026,0.49979935256427943,0.7295634337153345,0.9382848939830848,0.180685357692569,0.80877957120089
408_cfd,0.9679845156638567,0.7070279424050468,0.5614224134906128,0.867743865775435,0.0,0.7397133609585894
409_cfd,0.9784699362453051,0.7355457870294437,0.6954436448059778,0.9017914955964188,0.0,0.7907842013751024
40_cfd,0.9887282788771767,0.83095312986279,0.7594537813131687,0.9051580697161844,0.09523809499940328,0.8205953337753596
410_cfd,0.9741148231298605,0.6914477533586447,0.7253653050860378,0.8970366647671932,0.14718614686756246,0.7583100340543165
411_cfd,0.9619867704342355,0.6220275666463474,0.5840616963578089,0.9273525107441851,0.0,0.7414514144229457
412_cfd,0.9821469641194183,0.8216847075227545,0.7014965984485724,0.9073724005846177,0.2701863349841827,0.3844689759450953
413_cfd,0.9601465717926124,0.5445274725115157,0.6714919447416549,0.9062675395872277,0.0,0.7229463472684228
414_cfd,0.9613536226069546,0.6456436624216793,0.7581156942255026,0.932665204990187,0.4485714279306122,0.8601284631521303
415_cfd,0.9712684980739097,0.7255069370137271,0.6947983013018051,0.8749544292973105,0.4872231678241513,0.8550852439112959
416_cfd,0.9808184222660797,0.7095814402030646,0.6769653276083195,0.9042614177519087,0.267857142059949,0.885580708552463
417_cfd,0.9657648948458795,0.6363075888175006,0.7111711362702737,0.8779372008987445,0.30142566130055876,0.8494318181013796
418_cfd,0.9611729380983702,0.6428654602891808,0.7359885521736254,0.9013927574927775,0.2079395081135359,0.8169014083389988
419_cfd,0.9793621803560917,0.7690305355992314,0.7560090701233539,0.8950814166702902,0.06998158366485896,0.8283153297140524
41_cfd,0.9877164385647902,0.8271781776902797,0.7074327884271395,0.8808764938484309,0.09523809501133787,0.8280695528009164
420_cfd,0.9838874141987255,0.7530753344368737,0.7599309151525818,0.9242424240581654,0.2913580239719555,0.6703999998212267
421_cfd,0.9768038734766818,0.7260457975973504,0.7639269404648568,0.9182650767378149,0.5627240133284516,0.8588553295500229
422_cfd,0.972630304017359,0.7365516529801291,0.6959729478340078,0.907673112771729,0.31827956920800093,0.8622286242553525
423_cfd,0.971610215469227,0.6624769185700062,0.7307460284072499,0.9013630366552303,0.4999999990234375,0.8649037595912121
424_cfd,0.9768453142371687,0.6825390729740586,0.7218597060677571,0.8859307800766064,0.2028301882008722,0.7614042932959073
425_cfd,0.9660105737302784,0.6410806515523485,0.6588306206573747,0.8592200923420973,0.0,0.8757396448577643
426_cfd,0.9801115576806695,0.7266556041361195,0.6866873062889514,0.8786592176807465,0.0,0.8418164356095738
427_cfd,0.9847311707152505,0.7909181636233209,0.5901434806050259,0.9061224487620354,0.0,0.12517541394185366
428_cfd,0.9655406580810719,0.5676635176434303,0.7372488405188374,0.9270307478368447,0.07432432407322863,0.8110530245241145
429_cfd,0.9725836285850704,0.6193286996395749,0.7520282184296198,0.9181777972317164,0.1368078171439485,0.8574805009622453
42_cfd,0.9919560183992822,0.9365344746247218,0.7034700313238265,0.8605141169699717,0.24678663175633256,0.7509838511669176
430_cfd,0.9718099095120132,0.667209113079201,0.7098280618319193,0.8952835006137777,0.48341232151119695,0.8767260355336476
431_cfd,0.9718948401100956,0.746131515821125,0.7253055498446592,0.9228571427106576,0.3371647503119449,0.8482867893792546
432_cfd,0.9702066671891216,0.6835085239618552,0.7360438169926177,0.89149756818858,0.4018583038305943,0.7843414690738897
433_cfd,0.9566628322838467,0.5855234604671475,0.7055855853313205,0.8568398725648271,0.18229166619194878,0.8627598108454446
434_cfd,0.9611615995225429,0.6272786223640685,0.6897041418485906,0.9115554047930268,0.3617463609942903,0.8419525064852305
435_cfd,0.9806414513014539,0.7669758940315559,0.7777310922735858,0.939158016012232,0.28862973718858637,0.7916601834772584
436_cfd,0.9598919742679934,0.6247433870401674,0.7645247380898121,0.8496776381320533,0.48445171770138834,0.8448798221728054
437_cfd,0.9768010983475464,0.6485148514583946,0.662541253852087,0.9080118692289404,0.0,0.8575146388272595
438_cfd,0.9667997955323703,0.6377661824668519,0.738278931531668,0.892129369808912,0.279569891972097,0.7893108993208819
439_cfd,0.9657508247171087,0.6111852104404235,0.7203918074976865,0.9364420311503605,0.21574343960424652,0.3735144311487959
43_cfd,0.9928391521503862,0.9107486575918601,0.7325611323725711,0.8976647045950892,0.4694533754510396,0.8448354660826285
440_cfd,0.9804909114349388,0.7651924487770931,0.6794493605312442,0.9017801045231874,0.0,0.793717909877119
441_cfd,0.9629204689142227,0.612647915630394,0.6473196289208708,0.9111239635798873,0.19464720147287787,0.8344106239470666
442_cfd,0.9768890733610525,0.7043335161593903,0.6646551721273039,0.9022721048720854,0.0,0.8168959502389272
443_cfd,0.9847643853262176,0.8556443985531921,0.6399371067924652,0.8372093021710577,0.37719298162896275,0.8840056707769038
444_cfd,0.9726894884620269,0.7231550642150237,0.3933168993718661,0.8553459117641843,0.0,0.828901604305071
445_cfd,0.9615679910095157,0.5308444857162933,0.7268651934912376,0.8696796838811585,0.1803278684829347,0.1286660358290766
446_cfd,0.9799856152320002,0.6924756221549819,0.49849488230072553,0.8741887167063933,0.1470588230968858,1.0
447_cfd,0.9644282080674188,0.5875394809999523,0.6476472765292156,0.8764777821287244,0.26439232353008035,0.0
448_cfd,0.9804109519606352,0.7457612641150646,0.7784586813781877,0.9341589787774347,0.14233576616362087,0.864650989110515
449_cfd,0.9849875085618911,0.7999472735708973,0.7305878652214436,0.9090568158805443,0.0594059403980002,0.8316459658875226
44_cfd,0.9934361837848671,0.8870755027293871,0.7263306638123738,0.9171342250934108,0.21447721122124072,0.802474062090488
450_cfd,0.9792315076043531,0.7246262219406043,0.5629780721249474,0.8809523807193248,0.0,0.8525021948142556
451_cfd,0.9886840112144867,0.8168249660343649,0.710517059194331,0.8702742770811204,0.03278688511152916,0.7597628295318415
452_cfd,0.9867780097404935,0.7280877180381982,0.7140077818696473,0.8820581355024961,0.06611570229720193,0.9004617363636014
453_cfd,0.9864511256690007,0.771825802454926,0.68004012002004,0.914998923840112,0.0,0.8460163430993339
454_cfd,0.9856941408119885,0.8216239877075235,0.7473922900799563,0.9151937152445645,0.215053762978379,0.858326858252756
455_cfd,0.9865558158347955,0.8204138729043262,0.7566746254055405,0.9037012772840318,0.3580901852014719,0.8296152601757069
456_cfd,0.9849654645659308,0.7654041831149903,0.7611440348463943,0.912764003505461,0.1382289413861146,0.8831719127661039
457_cfd,0.9695498955433338,0.6087150695224985,0.719942404434859,0.9203939267705388,0.45386533552652036,0.884471273846329
458_cfd,0.9792293660678568,0.6924943590322068,0.7251578595130749,0.9102258122066778,0.36363636253443526,0.876116504786321
459_cfd,0.9714435753317647,0.6677201979644666,0.7612809314019211,0.880221130085961,0.4137931026555688,0.8159760086128712
45_cfd,0.9904783399847442,0.8614671814006589,0.6936026934080801,0.9116896374150604,0.050269299730216696,0.7246717615667897
460_cfd,0.9822339101018287,0.7208036420862627,0.7364737548488631,0.8965299683128501,0.41420118220650537,0.8851742135078873
461_cfd,0.9790483210254313,0.7587254438412636,0.7118950699430359,0.900387712362006,0.48667850712845734,0.8882532065250297
462_cfd,0.9836733851814748,0.7491678993736516,0.6816143495406642,0.914821464010608,0.0,0.856647280802301
463_cfd,0.971881649607838,0.6537528678907324,0.7395335766396366,0.900579772192274,0.028436018889962042,0.8573678683183962
464_cfd,0.9896012782287928,0.7754623239873404,0.6845930230070519,0.8910168716618748,0.2531645563211024,0.8581989245869961
465_cfd,0.9779205421158712,0.68269267987912,0.6541218635062178,0.9065402092656509,0.12315270905627411,0.8160323680849624
466_cfd,0.9860865554595548,0.8052322689343862,0.690203000730317,0.8731232468448897,0.3662650593583974,0.8798243390862406
467_cfd,0.983607035372682,0.7875170955784526,0.7138297870441942,0.9188999823228411,0.6309523797004913,0.8423463797587545
468_cfd,0.9778581352708517,0.6231134293632429,0.6861826693874808,0.8855895194572948,0.11805555514564044,0.8064058955773233
469_cfd,0.9828832477962383,0.7837108320313065,0.7177391894049236,0.8788079468743695,0.11428571401360545,0.8483914466530156
46_cfd,0.9955183125487338,0.9350045371520528,0.6911404793484383,0.8777429464968065,0.0,1.0
470_cfd,0.9834686340704517,0.7397116394185185,0.7254735649631118,0.9091803277198065,0.45432098653254077,0.8865763148687822
471_cfd,0.9828501622930911,0.725318813548965,0.6998762374072165,0.8776438029496652,0.24501424431619873,0.8641315111047602
472_cfd,0.9889340754281003,0.8196596392672302,0.7346153844584155,0.927815805705069,0.5019305009615241,0.8419701212836169
473_cfd,0.9805929158729442,0.6868722006919654,0.6971264365812855,0.910970323289268,0.4379785598193284,0.8976621084144616
474_cfd,0.9868456792498568,0.7527679999518229,0.7693246540339046,0.9150133253013009,0.38518518447187927,0.8115814225732537
475_cfd,0.9832792327232707,0.7111294462453644,0.6413545404610802,0.8896427856935456,0.24938875244648226,0.830079782578496
476_cfd,0.9848310299710461,0.7566838238590433,0.6555423120160738,0.8768712573209447,0.23923444918843434,0.8416666665635212
477_cfd,0.9750605204740453,0.6460608350407685,0.7321676378761678,0.9183491154335627,0.3825363817410886,0.8904645476046891
478_cfd,0.9816408585723795,0.7225483425102491,0.6551168409931036,0.9105310529413985,0.04278074843432755,0.8150771564868357
479_cfd,0.9805209667122754,0.6654852399074064,0.7252998284622216,0.8496976676001011,0.28502415390090785,0.7994285713143673
47_cfd,0.9904149299422061,0.8625140591900533,0.7447500737223455,0.9174465239108545,0.22493887475565066,0.8664406778486182
480_cfd,0.9748027161306599,0.6132814052134768,0.6779497095367748,0.8830775059914577,0.3246753239725642,0.836797441786152
481_cfd,0.9931405996021283,0.9074641702503965,0.6779220776286052,0.9105839413981331,0.13609467415356605,0.8444830581054383
482_cfd,0.9666055925882998,0.5782531869058989,0.646132785542049,0.8796523708899201,0.3977485921242991,0.849214783227156
483_cfd,0.9830486874891152,0.6784169904932719,0.7435833539138841,0.904934273022493,0.2822822814345877,0.8836880862621115
484_cfd,0.9883408035218012,0.8216365610096912,0.7499290375390494,0.9082528531808048,0.15568862182222382,0.7543391186572453
485_cfd,0.9844099004214362,0.76010498684339,0.7352221053741791,0.9171082511511907,0.44767441730327207,0.8491091312849235
486_cfd,0.9759155448575789,0.6114819759439456,0.6819338418921456,0.8896434633086494,0.0,0.8457385897520466
487_cfd,0.984861043740706,0.7313464608445265,0.7367336422625622,0.9134008791983558,0.295918366592045,0.8082859462756179
488_cfd,0.9906369996297879,0.8323991473251441,0.6627438833500329,0.9045736870121261,0.1736526940908602,0.8485636599067781
489_cfd,0.9873164741590935,0.776078871198059,0.6967405474063258,0.8568624242013966,0.5271122313655583,0.902790118988556
48_cfd,0.9926557516544275,0.9199772984373839,0.6586059741612355,0.9322807015908279,0.23756906011721254,0.7584854426371269
490_cfd,0.985622346421288,0.7012622720450553,0.7234689993444393,0.8977163073499973,0.4274061983239703,0.8443251532663183
491_cfd,0.9874029115717126,0.7985684524972722,0.6626057527368509,0.8282344896892437,0.0,0.8408608668444113
492_cfd,0.9830108923670763,0.7568063627690073,0.7270875761896417,0.8391959797589286,0.44701348661461754,0.812891870991872
493_cfd,0.9852818615858943,0.7578987437781738,0.7842138762621853,0.9275505173439214,0.20673076873382026,0.8153869919951511
494_cfd,0.9816277426247114,0.7262978076906947,0.7008383231854279,0.8944753874914232,0.38141025579902205,0.8327748350629365
495_cfd,0.985316365575962,0.7848547108509513,0.7553167672363293,0.9087767793868733,0.3989769810767852,0.8500349684433974
496_cfd,0.9851392182694334,0.7237278927552527,0.688943221763395,0.8895705519867249,0.4383561635257218,0.8863482384073215
497_cfd,0.9871353132434988,0.8242714223216933,0.7348896703757948,0.9344903860924807,0.3573487021402055,0.8302752292387793
498_cfd,0.9776892014545996,0.6443193225680102,0.7172100074002502,0.8919834398020354,0.36226415025987896,0.8988782179889534
499_cfd,0.9731201074503701,0.6584351608771533,0.7017660777401646,0.8479162906642763,0.3636363626918536,0.8523728144008974
49_cfd,0.9900986485973287,0.9197101240640231,0.7673199004230418,0.9108405339923722,0.249999999470339,0.6740947074355412
4_cfd,0.9903991566806738,0.8792850659164082,0.7058476075883499,0.9082483779595462,0.3638850884214978,0.7429847828084623
500_cfd,0.9831436058939859,0.7407737962095241,0.710307206227302,0.9364644862503292,0.17882352899100346,0.8523265532387396
501_cfd,0.9617028295183584,0.5294188208322012,0.6909403667743864,0.8802456497686293,0.15846994492221328,0.8719879517134264
502_cfd,0.9846664092117509,0.723750272826689,0.7402536400328197,0.9087227412914761,0.6045454531714876,0.8870466320407869
503_cfd,0.9923836505081144,0.9278688523956373,0.7456622935366775,0.9111883690089778,0.5841924388587759,0.871766648241445
504_cfd,0.9810276549518459,0.7447751273633861,0.6731517507108359,0.9095516567427774,0.10059171567872273,0.6657963444736824
505_cfd,0.9822665026971626,0.7868852458745959,0.6545903661364387,0.8977387781137801,0.3181818167355372,0.8334794039098044
506_cfd,0.9637070003106221,0.6590540602988129,0.6186440675583036,0.86646884251571,0.0,0.8520266517418064
507_cfd,0.9684483522023986,0.6449783785147061,0.5578778132805957,0.8963643959681645,0.0,0.8443853819475899
508_cfd,0.9754651516242823,0.6907866503584726,0.6762075132152036,0.8871349643079843,0.3821339940889975,0.8670336390376717
509_cfd,0.9720783513070291,0.6608690326526971,0.6653523900121476,0.904156064269687,0.19617224833451616,0.7562344138472202
50_cfd,0.9924350815516094,0.8818022679898164,0.695652173622219,0.8845935188772799,0.09195402272427006,0.8387003189964171
510_cfd,0.9752755841853591,0.7447081820512508,0.6988160552414623,0.8821818180214215,0.47228915548845984,0.8370528203614385
511_cfd,0.9749932391298446,0.6951278340329706,0.6129801322879523,0.8994654249181815,0.29281767874912246,0.8825095689064312
512_cfd,0.9674075576469413,0.6871186859160895,0.7074289206030484,0.8881469113544523,0.5159914701151568,0.8673023793897778
513_cfd,0.9753535319585852,0.6973855554209695,0.7090909088829646,0.8790113611961308,0.3916449075936164,0.8476014357829216
514_cfd,0.9723886461754527,0.6616669395558649,0.7136044878783718,0.9165572846584366,0.35519999943168,0.867757954674659
515_cfd,0.9687713977236626,0.5752723050986693,0.6595744679004552,0.9109478586434424,0.4490566029263083,0.8851996526817274
516_cfd,0.9738498129714193,0.6975750577165827,0.7736943904163659,0.8997188376523619,0.08092485525744261,0.77231121266737
517_cfd,0.9717664323596632,0.6932389849993577,0.7059154927588971,0.9214973260060968,0.548802945582315,0.883695533375156
518_cfd,0.9788260243488779,0.6725079468305278,0.699431356336543,0.9256741940526914,0.2153846149704142,0.8275030155706335
519_cfd,0.9729237013376624,0.6744609309721917,0.7132065640236503,0.9231974919821321,0.15209125446370483,0.8578790343290101
51_cfd,0.9918403536779864,0.8991035436556704,0.7556415213553702,0.9343804535891133,0.10526315763091941,0.862407862311547
520_cfd,0.964427397072338,0.681356011059323,0.7369581187593836,0.8634701339164018,0.0,0.017351069972613608
521_cfd,0.9827177896202219,0.7830287597070466,0.6929133854370565,0.854679802780238,0.13359528460983244,0.8832895120593566
522_cfd,0.9752171026735412,0.6668539917576883,0.6724614774111176,0.8962826040467687,0.0,0.818144997864433
523_cfd,0.974956189396817,0.7520880133416252,0.6754731859866969,0.9060203282398717,0.4968421042171745,0.8669987086453608
524_cfd,0.9734793446513976,0.7235010261045122,0.6764295674071027,0.8786844553399497,0.0,0.8582008276129165
525_cfd,0.9792701793426636,0.7307973919761934,0.5669537975200049,0.8457904971253708,0.0,0.33554987195112534
526_cfd,0.9726437843521331,0.7009659681765206,0.6643046942727403,0.8826613630658721,0.44544095598588795,0.8119925045831364
527_cfd,0.9747700200784828,0.6931048865565147,0.6939151811020544,0.9039085166574656,0.22145328681409465,0.8543021031415803
528_cfd,0.9790811652411724,0.6825623049696636,0.596153845816655,0.880662697157478,0.0,0.7891083821339903
529_cfd,0.9751420095382896,0.7020084974667823,0.719197707589194,0.8977645304176207,0.31538461477810653,0.8286066583186488
52_cfd,0.991115478096931,0.9177600303804069,0.7497558115355037,0.8881303334541303,0.4077046542412445,0.8463350784232545
530_cfd,0.9767009320440861,0.6695632112938494,0.6756598238487801,0.8877488198465526,0.2425531909732911,0.857804166161034
531_cfd,0.9880194477550723,0.8186818488459576,0.598726114356332,0.9180552383204621,0.0564971749816464,0.8066015060396408
532_cfd,0.9769124098136903,0.7099588419210624,0.6645594624004112,0.9033302495598218,0.02461538453964497,0.8633716091809476
533_cfd,0.9728270324933516,0.7197353279424702,0.7147766321269572,0.8848109659772693,0.0624999998046875,0.8842931240268458
534_cfd,0.9696235985811879,0.6165422695927938,0.6627110905236372,0.8875579596430528,0.1455525602545753,0.7884227879119943
535_cfd,0.9709351395118161,0.6711388357521351,0.683495145465171,0.8972724050837279,0.4875912401641004,0.8254580519936877
536_cfd,0.9779749916058703,0.7327682824063895,0.7008117509275585,0.8669695001838141,0.47589424498305716,0.7915671116245162
537_cfd,0.9711543755458664,0.6684782608486857,0.6410401355490785,0.8908203719288166,0.4060913698712498,0.8295064659765761
538_cfd,0.9792315830643938,0.7342029094187046,0.727401129772269,0.9048941338242114,0.32887189229661207,0.6213031977347191
539_cfd,0.9867329396795419,0.8671309938000209,0.6842800526141744,0.912459822100121,0.0893682587220828,0.8042553190776369
53_cfd,0.9943770158269352,0.8860927151731064,0.5208888884258764,0.8877086492443833,0.0,1.0
540_cfd,0.9793020606793429,0.7185324421916411,0.5998300762107774,0.9070832208707021,0.0,0.8639825896371859
541_cfd,0.9779028823223525,0.7797833934775369,0.6568421049174514,0.9144998826623331,0.0,0.7819088443021688
542_cfd,0.9759247422139651,0.705889775680435,0.6266187048105688,0.8953438699497343,0.0,0.8904905334670298
543_cfd,0.9708123350111187,0.7254941205722919,0.6445447303837153,0.9194364160188879,0.0,0.8406048585968511
544_cfd,0.9728063125573322,0.645959831832723,0.6878661084988008,0.8830205148662111,0.1962264143538626,0.7963147409367137
545_cfd,0.974205496142099,0.6799108440520751,0.6869037292029767,0.9005784524763958,0.4604316538481445,0.8138168265997109
546_cfd,0.9671817494147482,0.6394259735816556,0.6651996225510218,0.9104770200587068,0.09686609659012509,0.8160770030155987
547_cfd,0.9829234451614718,0.7640878700746543,0.5915359008123938,0.8925742572048084,0.0,0.8392484341284905
548_cfd,0.9639854929833801,0.670595167927623,0.6444212719905055,0.8648275860080855,0.08030592718870759,0.8721762572397345
549_cfd,0.9712807827315532,0.6914025045561378,0.7345603270481471,0.8847567565654579,0.14117647025605537,0.8362666665774648
54_cfd,0.9924380407187268,0.9080485360732468,0.6934537242918946,0.8841645140305653,0.3103953143332426,0.8567002322452827
550_cfd,0.9718494020697541,0.6201875867463452,0.6485421589249243,0.8984442521827043,0.07766990272410218,0.7344362209981636
551_cfd,0.9809433495485673,0.7238383074905992,0.6877828052075686,0.9134571814876625,0.3081967203009944,0.802436548060419
552_cfd,0.9656383181710967,0.6205490546367876,0.5963041931072125,0.8591749642635287,0.01789709168255684,0.8289306724156268
553_cfd,0.9768694345633351,0.6891417333653203,0.6903470713963268,0.9043336057023029,0.2798507457465471,0.8151874085972436
554_cfd,0.9786924575124369,0.7326881646639303,0.6305683561326543,0.8749999998269382,0.14253897518365485,0.866983372818648
555_cfd,0.9611119962430487,0.5931550744380765,0.745965331590762,0.8781577589142193,0.2857142851140456,0.84395604388185
556_cfd,0.9885774465307263,0.7861344297420972,0.6638063130052693,0.8886545759408151,0.3540145978941339,0.7853942650570352
557_cfd,0.978393106200657,0.6733587989396216,0.809812140846171,0.9103496017808325,0.4979591829959739,0.8494288680402692
558_cfd,0.9861025304717758,0.84541082001648,0.7778656124944929,0.9160568229421643,0.5408163256108566,0.8838841288548442
559_cfd,0.9865708356846544,0.7907619827534431,0.6908462865520625,0.9313650888858065,0.39840637370835386,0.8823165703954744
55_cfd,0.9899246124400854,0.9244055364412395,0.7160161504993217,0.8729222518547055,0.05211726367388513,0.6506061070046637
560_cfd,0.9764621117144235,0.7377014225002985,0.7128621087571582,0.8951778654711181,0.07042253496330093,0.8979770557055804
561_cfd,0.9770204347327568,0.7085530841279312,0.7186122564028704,0.8900804288288301,0.4777594720300503,0.826928689480793
562_cfd,0.9871823469131324,0.8102372034496517,0.6943349241140621,0.9066582715399562,0.2419354833831946,0.8750693031902541
563_cfd,0.9845543520144745,0.7640097106633619,0.6927628582856706,0.8917483658309336,0.37246963487354323,0.8896135658821447
564_cfd,0.9788332727375864,0.6724402849246897,0.7409606985605308,0.9114915843134805,0.4415156500139775,0.363769174447126
565_cfd,0.988665238300378,0.7855729921676399,0.7450475943542456,0.8715867157063493,0.47077409088345323,0.8249585863024629
566_cfd,0.9816868116535096,0.7581602373591223,0.7060822287780897,0.8728308726048094,0.16666666635802468,0.78331167882441
567_cfd,0.9833305785609828,0.6879503497245069,0.6568848755993661,0.8382944487790355,0.0,0.7697929353106329
568_cfd,0.9713862138695274,0.6326297588936604,0.704704096902973,0.9095944607498329,0.12365591364608626,0.8426354477480757
569_cfd,0.9864502954300368,0.8164645634660387,0.7179923435308395,0.8842765416030646,0.3774145611033959,0.9088631841959137
56_cfd,0.9928976929560879,0.9190013868988209,0.6986394555446804,0.9012170063377245,0.0,0.7077638846444421
570_cfd,0.9840054260677765,0.7313515976740086,0.7100089363918657,0.8754084965532253,0.04713804697933317,0.8564570330225088
571_cfd,0.981467506276508,0.7298112009864425,0.7396313361214933,0.8981691008232525,0.07751937969472988,0.7880176787055135
572_cfd,0.9872272551148945,0.777060604285311,0.708611375688398,0.887011615440969,0.0,0.9122334454985235
573_cfd,0.9859405653558833,0.7371098265469879,0.606527319176191,0.9115006411048523,0.2900763351397549,0.8954073438715975
574_cfd,0.9756738931717339,0.7457636837816967,0.7198480530104824,0.8874685258788555,0.44102564027175106,0.8437974682476206
575_cfd,0.9901704876566972,0.8796063037741164,0.6938034740228667,0.8718043718281207,0.2913165257946316,0.8563938245600161
576_cfd,0.9781134728324627,0.7283413309255536,0.72170044476492,0.9418754842493057,0.3457943917154337,0.8903958943465546
577_cfd,0.9890491642443172,0.7673803633227518,0.7162951740497089,0.8645390069389115,0.165703275210591,0.8030483447483867
578_cfd,0.9862528135094011,0.7759729640915746,0.7058180822983289,0.9263465280781397,0.2834008091429133,0.7954414641653688
579_cfd,0.9774547544968794,0.6741507508137429,0.6637490880146795,0.8749999997829861,0.0,0.6570902391686593
57_cfd,0.990400100473836,0.8655737704544618,0.6498809116536642,0.8567382579993537,0.0,1.0
580_cfd,0.9929146341443233,0.9301223338929019,0.7482853221027829,0.8636034730709834,0.3529411757785467,0.8133661441764841
581_cfd,0.9841073331415714,0.7715812248522285,0.6768721552847033,0.8523245212278202,0.0,0.8894303989575517
582_cfd,0.9912477576381188,0.8088297244242286,0.6931199997782016,0.8981673907239434,0.05092592580804184,0.8600790512474182
583_cfd,0.9929074857765495,0.9079370179219202,0.6808070355197084,0.8990500723073498,0.2896764248233029,0.8518409424371368
584_cfd,0.9814070372372914,0.6664493293281274,0.726309593665006,0.8737412856557433,0.3419483094593473,0.856843679752155
585_cfd,0.9832156862724534,0.7494980399297496,0.7839658286867149,0.933633929697952,0.5012531315758066,0.8664037042645855
586_cfd,0.9900753779128149,0.8696379187812954,0.6912789601259598,0.8971350612691493,0.35379061307980036,0.8391359592326384
587_cfd,0.9838393097517345,0.7266484199688157,0.7211488248769846,0.9227884777701059,0.005681818165676653,0.848939812873839
588_cfd,0.9829679739482323,0.7622819583398381,0.7431254190156213,0.9232914921860698,0.33878157453375696,0.8690924298547582
589_cfd,0.9784091714118877,0.7088196188244638,0.7047325101068075,0.8862061254446219,0.2592592582990398,0.869555170321253
58_cfd,0.9854109659771788,0.7351285986356388,0.7432296888808351,0.8832209104377695,0.0,1.0
590_cfd,0.9861273084150823,0.7964717741534036,0.7334891873952399,0.90282131644794,0.308256880168336,0.8564407900145127
591_cfd,0.9824985516165967,0.7446370023070428,0.7021755437542806,0.9020979019318921,0.17589576518583752,0.8845628414545285
592_cfd,0.9814125932042639,0.7311180844804575,0.7228745888391558,0.8924495169243964,0.12653061198667223,0.8422822552581233
593_cfd,0.977424232296552,0.7014925372886223,0.7195523368270071,0.8785969690313984,0.11730205244192947,0.8390920553796857
594_cfd,0.9916205084484631,0.9202642669483845,0.7358607829426432,0.9035900404019123,0.3854875274705498,0.8563896847156
595_cfd,0.9898804497105562,0.8353916064776589,0.7746295812907124,0.9175278620227907,0.0,0.8453567935786204
596_cfd,0.9829155356837086,0.8060199428844563,0.6112725158014897,0.8733087329338765,0.04597701136213503,0.8822833980001449
597_cfd,0.9925791270254043,0.907810418063079,0.6896281797692257,0.8911975820001515,0.033707865073854315,0.753058103831602
598_cfd,0.9849397902107913,0.7856850901137342,0.7898052689605369,0.9223612446386972,0.26478873164848243,0.8320368137578572
599_cfd,0.9755014247768082,0.6979703931710775,0.7334455665731073,0.9306965970192951,0.006578947346779778,0.8766971019550062
59_cfd,0.9738664256054752,0.7469177314294183,0.6813448376431583,0.8768780486093896,0.0,0.052631578919102265
5_cfd,0.993086482756091,0.8806869787069038,0.6825429694175723,0.8669117645465235,0.0,0.0
600_cfd,0.9877340781269031,0.8543779580436791,0.6609442058194723,0.8890548005242563,0.20942408322140293,0.7941176469516841
601_cfd,0.9900704853930252,0.8700649142880672,0.6870384515693816,0.9189778745841417,0.0199999999,0.8376674545787145
602_cfd,0.99197188436556,0.8945154252964697,0.6971100814698632,0.9137431604580394,0.337292160719021,0.8277963149821853
603_cfd,0.9883999743442512,0.8653233364168077,0.6714946689455854,0.8485404808429335,0.09187279119479579,0.8188161151453054
604_cfd,0.989284923438278,0.8326200951821698,0.7317184641837937,0.9046237841827974,0.33557046867258233,0.8747616019416442
605_cfd,0.9829709292951521,0.7403810235030763,0.6959589478204109,0.8893442621128392,0.02843601882257811,0.8691406248787471
606_cfd,0.9897102588275196,0.787674919215038,0.6965699206145878,0.8723051407810312,0.10045662054586019,0.8594679184883461
607_cfd,0.9925674961121668,0.9209099231691732,0.5874439459249131,0.8718145236880983,0.048517520084858434,0.1611721610245676
608_cfd,0.9908187089522831,0.8427741714490758,0.7072422739544132,0.8963512137089182,0.0,0.7267032104602706
609_cfd,0.9880870935757728,0.7751184833664029,0.6663833401332838,0.899431483846416,0.23820224665572529,0.7807807805853902
60_cfd,0.9870775099511355,0.8392231020431303,0.7565891470522205,0.922330096947462,0.058510638142258944,0.8835066161527048
610_cfd,0.9878150919926516,0.8486315880129434,0.670165745671225,0.8994943108565906,0.42344045288574583,0.8762745715466966
611_cfd,0.9879699700281898,0.6422819442473773,0.6821796757931724,0.9036001188777744,0.07488986767645403,0.8131147539206306
612_cfd,0.9886284200067696,0.817926455514688,0.684475806279114,0.871608778145566,0.41290322514047867,0.7218877134708075
613_cfd,0.9913857746381448,0.9035340313544807,0.7514240144107031,0.9177309175946345,0.36363636300063573,0.72681992323241
614_cfd,0.9932488194471978,0.897556561004746,0.6511475407701156,0.8824947756176668,0.30742659705107667,0.8226541146640367
615_cfd,0.9897233554910567,0.8182534323194771,0.6772575248004776,0.9054584372269963,0.022556390892645148,0.8477257744153385
616_cfd,0.986279024146468,0.8045230049040585,0.6666666664483737,0.8930177975957329,0.034042553046627434,0.8720178633362301
617_cfd,0.9884435824252347,0.8689013187086555,0.6620926241674978,0.8845835401747667,0.24888888833580247,0.8037124254323711
618_cfd,0.9835771600124583,0.7751951430713272,0.6714659683666669,0.8802314366672649,0.138613861043035,0.8260509421385327
619_cfd,0.9832260162445553,0.8027286648753053,0.7100802852482664,0.879719344991694,0.09160305326029952,0.776881720299583
61_cfd,0.9817177457011454,0.7689044999413843,0.6256983238383715,0.8426729189114482,0.0,0.0
620_cfd,0.9766645567179638,0.7567272727043416,0.6496598637614343,0.8834688345287318,0.2929427426192507,0.8619011975241484
621_cfd,0.9793391241219914,0.7715309356217607,0.6302432144412256,0.8566849814888541,0.08380952364988663,0.323095332938534
622_cfd,0.9811240134700205,0.7654676258710398,0.7739416356814751,0.8968471554323428,0.44475138060117214,0.8341141140139202
623_cfd,0.9846083832414778,0.8202572464795245,0.6558426707853092,0.8246023328049623,0.09456264753058476,0.8504904856576657
624_cfd,0.9756363112566604,0.7399408956370783,0.6949404760181199,0.8646184339217803,0.0,0.8095671388522595
625_cfd,0.9827843729743518,0.8469363187418161,0.679962013166199,0.8741442863131219,0.03794037930097458,0.9231237445417784
626_cfd,0.9876744410374658,0.8290447981845129,0.7360623778806775,0.8967434470022352,0.01666666662037037,0.8050531913823067
627_cfd,0.9787436923004347,0.7578142144791732,0.6595744678846278,0.8441127693109218,0.2635983258083717,0.8595396418558016
628_cfd,0.9842577323383019,0.7974170562993802,0.7249203073832888,0.897030342011454,0.15656565617028875,0.5948517066046861
629_cfd,0.9855672368931186,0.7589593969968899,0.5410122160901616,0.865215137152614,0.0,0.8034629403396927
62_cfd,0.9844415302649788,0.7384615384318755,0.6649048622278515,0.8736318405062581,0.0,1.0
630_cfd,0.979658227925948,0.7739470463337229,0.7283995622572368,0.8983344897816907,0.0,0.854785000600147
631_cfd,0.9887247014707232,0.8625100257139385,0.6788450204246185,0.9038697249336596,0.13197969509649823,0.707464693856206
632_cfd,0.9784170241379039,0.7641808234735336,0.6008932194068644,0.8774949641315701,0.0,0.7865089173959899
633_cfd,0.9759633166315524,0.715226306455652,0.6180351903892833,0.8536585363994645,0.1548387093444329,0.8178845606470084
634_cfd,0.9881547643871026,0.8864445840880493,0.744554455261249,0.9119416589039303,0.4676923069727811,0.8025416996342268
635_cfd,0.9807430493572343,0.7862152724825804,0.720420683400403,0.9085556576065215,0.16274089900912014,0.7703703702025336
636_cfd,0.9807742199459173,0.7976377494385979,0.6788454509759425,0.8943948007931772,0.18550724583910944,0.8584240870136548
637_cfd,0.9792401129626371,0.7686862131800871,0.6592683926595692,0.905867970475577,0.18843683043161277,0.8597184879234986
638_cfd,0.9807289029537384,0.7479656333693666,0.5858161978238288,0.8960113958518497,0.24221453245291605,0.3258042434457192
639_cfd,0.9802861057158521,0.7936591346764273,0.5906040265153221,0.8918431723993142,0.0,0.8242973223891971
63_cfd,0.9835924640212039,0.7641605098955468,0.46019417431049103,0.8729411762651902,0.0,0.0
640_cfd,0.9802442559157473,0.8056459171636531,0.6253246751216479,0.8773219022499853,0.0,0.8309859153845871
641_cfd,0.984739629551094,0.7660888149719264,0.6436124605191162,0.8699369019194103,0.35836177413248843,0.0
642_cfd,0.987741817047212,0.8605762665182495,0.4856115106166865,0.8620027432477358,0.0,0.8744499577872437
643_cfd,0.9714055203650999,0.6917996248894621,0.5976095615148966,0.8430020282265716,0.2101910821331494,0.7594249200064817
644_cfd,0.9898722145496989,0.8738225086220982,0.7266397946634958,0.8785925795369112,0.4563552826089506,0.8205947406217012
645_cfd,0.985184756979257,0.8018398176722997,0.649287955431019,0.8856697123054,0.052631578749505345,0.8588973797954561
646_cfd,0.99144474698309,0.8637746674029579,0.7508850380564774,0.9017733617278615,0.4710234272860377,0.7961993939966676
647_cfd,0.9839316437487781,0.7653050932543971,0.7540549485676836,0.9090657054464838,0.3999999994936709,0.7948199108599999
648_cfd,0.9834330771232729,0.7150573936046551,0.7243388613888632,0.8882776685149604,0.2920560744251681,0.831150316240653
649_cfd,0.990176658117341,0.8846301685308533,0.6955708045241513,0.880407124509609,0.2804123705558508,0.5794655413278578
64_cfd,0.9848251960874065,0.8256715341253978,0.7144692879171244,0.8880256711893217,0.11138014500876478,0.8244014653808979
650_cfd,0.9900480348165878,0.8677839850447071,0.7007159902862252,0.9079299077950802,0.3687150833869105,0.8005277043798775
651_cfd,0.988892437051403,0.8292827856183206,0.6942345921692904,0.9198989447288008,0.2733333328777778,0.7798257371347477
652_cfd,0.9833785828669717,0.616007979016581,0.7123287667868075,0.8949452595166677,0.011461318018735478,0.6965944270648622
653_cfd,0.991635270263342,0.8730831020247493,0.6965330930444544,0.8881568109227216,0.3632958794694834,0.7254644397212489
654_cfd,0.9892598396750275,0.8752946217658402,0.687705456710156,0.9070533947087914,0.4030710165008234,0.7909831227674987
655_cfd,0.9891668003953231,0.824949067479631,0.6949400407443873,0.8981032199826344,0.2092555327781579,0.8135116114457528
656_cfd,0.9908430858171564,0.8746552251634839,0.7001642033825405,0.9063180826476317,0.35428571361088435,0.8241088570979123
657_cfd,0.9917567567547261,0.9118116519744738,0.6768496418432339,0.8877695575495403,0.44059405831536125,0.854114083709832
658_cfd,0.9886210356605544,0.8468665550864196,0.6719541747803581,0.8728211748107131,0.25695364204377,0.7956043955315381
659_cfd,0.9875095179805008,0.8526912180799875,0.7241308371273131,0.8941176469222127,0.30111524107599397,0.8080808080059233
65_cfd,0.9881407981060105,0.7640211639807396,0.6862421640758026,0.8863776451846357,0.0,1.0
660_cfd,0.9859968275978446,0.7982270712036668,0.7117033908547693,0.9406283278833029,0.4591738708365284,0.8167471818768924
661_cfd,0.9918506760945293,0.8529247286821469,0.6578699338178229,0.8575835474108683,0.3362218365056814,0.7764237750837573
662_cfd,0.9908864157689832,0.7822894167621718,0.6872193951849089,0.8996415769143626,0.155999999688,0.740176151636149
663_cfd,0.9917441036522082,0.8440292444480886,0.7391681107584124,0.8881036512050978,0.26199261944281804,0.8349935035607053
664_cfd,0.9903013697504619,0.8341394448371054,0.7658362987506913,0.910360506510172,0.5300353347525878,0.6599578748748051
665_cfd,0.9907096103538495,0.8540290620307774,0.7322068610516623,0.905437729085403,0.18550724583910944,0.808034244187021
666_cfd,0.9904511885509246,0.886763134850599,0.7249807047273011,0.8863863149128458,0.3595113431771181,0.8175646394890127
667_cfd,0.9892543238436848,0.9157593902479749,0.7301534905545216,0.9211717074397271,0.4498886409244002,0.3803854874205257
668_cfd,0.9891604929120201,0.8645002345809185,0.7279069766031188,0.8874598069060979,0.3958333326461227,0.8167528219414756
669_cfd,0.9887195128230793,0.8549618320157463,0.7614276767352478,0.9029224903554101,0.44444444394053917,0.8220936083515231
66_cfd,0.9842078430717947,0.7255374107646102,0.6093189961427783,0.8630650494238004,0.0,1.0
670_cfd,0.9907857717225264,0.8636814401660171,0.6984872194317978,0.8936036459384561,0.19472616593361833,0.7801648027103936
671_cfd,0.9909955180191132,0.8832820798935364,0.589077886934164,0.8812339330109281,0.11192214084690477,0.8009538151605228
672_cfd,0.9918423648526021,0.8942241216206257,0.7487992313283383,0.9124256442643051,0.2122015909490674,0.8873608381480723
673_cfd,0.9886762580712559,0.8720936335027505,0.7080336961766932,0.8771580343829418,0.12296564173062272,0.809512867554054
674_cfd,0.9914130439161064,0.8504626685844131,0.7326856782410888,0.9321095108510666,0.02749140884023571,0.8466841758295003
675_cfd,0.9872296830597804,0.8849982835184947,0.7098428982510672,0.8973342445799952,0.45015416192173263,0.8488981123778142
676_cfd,0.9902941140451997,0.877239413636134,0.6538625690764565,0.8962935228573018,0.2277039843876585,0.8154589370667538
677_cfd,0.9895111531996401,0.8357181424921897,0.6636481239768279,0.9093004113729546,0.33837689086880757,0.84889396605578
678_cfd,0.9892581651054709,0.865255496854838,0.6759030181405485,0.8635097491432665,0.27960526269801766,0.7967680086556056
679_cfd,0.9903008384000943,0.8315057914415825,0.7081815168240538,0.8905752009575694,0.22903225769510926,0.8365327291240571
67_cfd,0.9865303936239003,0.8455989658989451,0.7374067162459406,0.9195734681150237,0.1659919024979921,0.8514111514552649
680_cfd,0.9884223884536752,0.8419021068545595,0.7271586868644869,0.9052407067481352,0.23728813509049124,0.8053550333632556
681_cfd,0.988816304875489,0.8446846846339529,0.7586915566434849,0.9291992186365723,0.3317230268410257,0.8080565157360504
682_cfd,0.9899627434461796,0.8670826832622421,0.7352857546956822,0.9245310453795941,0.25959780574113744,0.8597409067190158
683_cfd,0.9872186248247712,0.8722612209704179,0.7068745206473614,0.906293275749147,0.3019693647659314,0.8522585474886287
684_cfd,0.9900060120385141,0.893403810103876,0.7716919737603872,0.9004641566270475,0.2153110042695909,0.8495861477642863
685_cfd,0.9914290369867373,0.909799554509416,0.5967812089618176,0.8718652035909354,0.028571428513119532,0.8385287454601953
686_cfd,0.9829500022532753,0.692661090782621,0.7234890412389884,0.9020946468732204,0.385288966050282,0.8029869320718124
687_cfd,0.9916511795281235,0.8953147876357749,0.670534603949219,0.9030654513456782,0.3060686007755446,0.8552044277044095
688_cfd,0.9905337385949032,0.8269100233179795,0.6358926045049964,0.8983579295576058,0.3486238524114132,0.8634082477783757
689_cfd,0.9922534273904877,0.917652779954802,0.7629681319462739,0.915655052669769,0.26813186754256735,0.8824752157912955
68_cfd,0.9800629808710553,0.7693879635990127,0.7852564100766354,0.9232372349907542,0.0,0.4814102562559583
690_cfd,0.989619504607095,0.8628562430660339,0.7303648729961766,0.9040665723184068,0.03717472105139509,0.7918293780727201
691_cfd,0.9891382882782502,0.7778692819661698,0.6473302566596372,0.8803995004043946,0.0,0.44361463762374365
692_cfd,0.984951765798169,0.8328027781495875,0.7364454677126971,0.924663229515273,0.31720430022256907,0.8099336812741733
693_cfd,0.9907154002610334,0.8765781710397299,0.6752319769181899,0.8707224332945394,0.39344262187583984,0.8541262657989521
694_cfd,0.9892526991433591,0.8592896976308019,0.7145232813984137,0.9022463205418673,0.3881987571611821,0.8492662472904333
695_cfd,0.9866807472514476,0.738259765848381,0.6890504703402373,0.8882824491065525,0.43771043697355144,0.8705223519483902
696_cfd,0.9914666916170335,0.8829721361448056,0.6868402531010415,0.8994413406026652,0.07073954972549912,0.8730626161753671
697_cfd,0.9887041580823149,0.8565851118651363,0.6934775259569187,0.9040247676463665,0.25605536287879693,0.8314514134318428
698_cfd,0.9877994758763557,0.8555852368284586,0.7094223587284378,0.8835194132838661,0.39249146690701114,0.8465545213178589
699_cfd,0.9899046091901805,0.8858346004862654,0.7081081079486242,0.9085648146833674,0.3986928098060575,0.7411764704704011
69_cfd,0.981076641116971,0.6827389921026813,0.46245733748937085,0.8724985703623503,0.0,0.0
6_cfd,0.9905548901855965,0.8710550044524633,0.7150349647224498,0.8954483999784929,0.019464720147287784,0.3984476065552188
700_cfd,0.9913300926509866,0.8928530718743387,0.6843388175855153,0.9033951122021657,0.2455445539692187,0.7952069715538115
701_cfd,0.9892258822839396,0.8205587392060316,0.7346938773167431,0.907900745789633,0.3054755034424337,0.7690434781271228
702_cfd,0.9924766971951757,0.8740769528882553,0.6816672811945159,0.9026264068424823,0.31961259002515113,0.8981750858769131
703_cfd,0.9834084544364603,0.756034925494092,0.7027158097229107,0.8700745472364084,0.020618556647890317,0.8495376154899352
704_cfd,0.988329210042848,0.8744610447771753,0.7388204794256166,0.924381054773361,0.4644970407329925,0.8738341406352517
705_cfd,0.9897094504777674,0.827959255298352,0.6474241868295857,0.8631390132980916,0.0,0.8443350806842479
706_cfd,0.9836615313190911,0.7781021897476126,0.7285359799681053,0.9047766747976462,0.4990825678915916,0.8913864103559208
707_cfd,0.9917712253840331,0.8872905027313345,0.7003666839443775,0.9054570731829237,0.43496801613013214,0.8886067914007609
708_cfd,0.988114036344906,0.8161272461460649,0.7169705467834585,0.8974153153158748,0.33024118677135217,0.834521227016653
709_cfd,0.9895848461565808,0.8919110690106485,0.6067493110858302,0.8757833840790963,0.09729729703433163,0.8739379444348959
70_cfd,0.9865968845657751,0.8685557272585074,0.7388120420102474,0.8795275588819828,0.0,0.8627124906815675
710_cfd,0.9868194745517674,0.8858787953736018,0.7212111449957784,0.8289925296125595,0.5228758158543011,0.877261998368918
711_cfd,0.9904732896046066,0.8999542124027041,0.6474334954486949,0.9099292958945697,0.10810810769070228,0.853461036059777
712_cfd,0.9880679579790234,0.8372753746120267,0.6662795198090825,0.8826516218783284,0.4133738595541431,0.8674795442910733
713_cfd,0.9922724439135027,0.8894800067882718,0.7203110976008642,0.9082022298903005,0.27571115913411126,0.8415540128070206
714_cfd,0.9925960165730753,0.9314354450059185,0.7526251524413614,0.9251126943543532,0.4852686300082,0.8477794100070314
715_cfd,0.9915808558968734,0.8704137391982503,0.7317448114958379,0.9122038075726333,0.10683760660932136,0.8396322777273196
716_cfd,0.9847383449063712,0.8120722354740632,0.7529012168828472,0.923796033863485,0.225190839264903,0.8115678899219857
717_cfd,0.9903829065332612,0.7872114835015731,0.6562193924308426,0.8651633684157469,0.0,0.9018764659009112
718_cfd,0.9895367609255282,0.7964781148542168,0.6927871768954643,0.9012941856478087,0.0,0.8463882961221596
719_cfd,0.9921866144134855,0.8742229289522753,0.6697578564298001,0.9152405876957437,0.13492063438523558,0.8791801509299697
71_cfd,0.9840839299803206,0.7693648334251857,0.5986215948150241,0.881683072595699,0.29233511534343115,0.6296787893204994
720_cfd,0.9913170660930598,0.8228598529110063,0.7047546009567659,0.889658756125124,0.24379232450611213,0.8106260679181876
721_cfd,0.9815936056832604,0.7853542481234987,0.7296345220762583,0.8979965954042167,0.29452054744088946,0.8890811344689439
722_cfd,0.9874406120348926,0.7718050065367718,0.7387446596323547,0.9084606899466738,0.2034883715014873,0.8758874347039699
723_cfd,0.9893872801118224,0.8760124610137066,0.7190871367802724,0.887761779959463,0.34358974270874426,0.8871987830528221
724_cfd,0.9906629845370988,0.7934098850930195,0.7221414021756936,0.8795924666749625,0.44578313185876034,0.7961599157290689
725_cfd,0.9918048672988463,0.915397296345836,0.6672920573273008,0.905837096352929,0.30877192928285624,0.8445747799669192
726_cfd,0.9889940838065966,0.8363663483863092,0.6597882159490122,0.8794077535789191,0.547368419900277,0.8620014104802131
727_cfd,0.9913047698372752,0.8310288590490655,0.6885132802040314,0.8919114978433239,0.17054263499789676,0.8726752502328075
728_cfd,0.9902348807835948,0.879905259144108,0.6642224257060121,0.8811632958580706,0.33124999896484375,0.7396780964416239
729_cfd,0.9872524475403667,0.8038114342625972,0.7273138717521352,0.9022635548513311,0.05210420831241642,0.8244790136741298
72_cfd,0.9825595534961633,0.8275708064748383,0.7103861515611232,0.8981931895590352,0.29535864916591004,0.2520896020554699
730_cfd,0.9886035764164126,0.8452745129155115,0.7300464291996359,0.8907103823264585,0.08571428530612245,0.8750811160873555
731_cfd,0.9887890128622725,0.8137974582986978,0.6392352450874407,0.8744221878130928,0.09999999972222222,0.8916892645643891
732_cfd,0.9905277843480192,0.8321322915245292,0.6621803497098989,0.9005561006050775,0.056122448836422326,0.910051977719139
733_cfd,0.9920179314328377,0.9239155828265777,0.7684934359723914,0.9047619046102008,0.3708609263336403,0.5996601115320077
734_cfd,0.9807008059121736,0.7721523326098738,0.6493683848926705,0.8893116567123293,0.10746268624638004,0.8475189328758315
735_cfd,0.9623763318091826,0.6753130590188884,0.672151898521471,0.8585876827056912,0.06896551712813544,0.8099301783281704
736_cfd,0.9864178116688496,0.7782292820602001,0.7021276593922866,0.9131018605576248,0.2868686862891542,0.5555809174719057
737_cfd,0.9855748552502366,0.8096977163369693,0.7017055340404784,0.889231824264535,0.2729970318308693,0.8319318308294728
738_cfd,0.9913423727164781,0.8872133695384987,0.6759649689666024,0.8785777776215861,0.31936127680766213,0.4823104691399601
739_cfd,0.9852645386035978,0.8346598479909727,0.7011454353692658,0.8818872702846916,0.08060453380200369,0.825766871064323
73_cfd,0.9840499548099457,0.8357570199207058,0.7252170400312503,0.891777933785703,0.38254171966297595,0.001996007983035924
740_cfd,0.9810470548711369,0.7514820876249688,0.6372025251883426,0.896186440488096,0.0,0.8395721923952192
741_cfd,0.9850942387305541,0.7811625895956282,0.5772471908085509,0.8741028126335396,0.24719101068046964,0.8978726514439744
742_cfd,0.9818379536098089,0.7400453220764905,0.7131647775254654,0.902875399216793,0.3229308001045715,0.7917061931438262
743_cfd,0.9799111007261291,0.7688612602158498,0.7181026716547275,0.9221038613644966,0.22718052692255472,0.7250557619739694
744_cfd,0.9823003026693843,0.7661608977095716,0.6804497639896809,0.8919984231588493,0.0,0.6575404972262057
745_cfd,0.9859094224500491,0.8177181989986052,0.7537273215818704,0.8939393937953031,0.47723704791642535,0.8125071846404751
746_cfd,0.9837768869888321,0.7924404272367876,0.6808510636034405,0.9137904347757637,0.2621722841532354,0.33202819098615816
747_cfd,0.9868661125112633,0.8141437150127281,0.6870408461101849,0.895134779603035,0.26180257454548805,0.8399458971100151
748_cfd,0.9854576597143181,0.8674778468169727,0.6947368419351929,0.8905085305796738,0.0,0.8177649045597677
749_cfd,0.9899797375312055,0.8926018750165876,0.7184296617844209,0.860272919304195,0.45056726020977755,0.7338808316033757
74_cfd,0.9873791847864942,0.8134956063712468,0.7120669054026085,0.8847677348064875,0.23183390963350534,0.8397720074667872
750_cfd,0.9882827537513869,0.70784148390516,0.6724721817434755,0.8991220209820602,0.23773584860804556,0.7482336721095582
751_cfd,0.9752328776353576,0.7204714483574791,0.7154878324504235,0.8799612776895834,0.0,0.7845445239528474
752_cfd,0.9857705683635305,0.8445164275519099,0.5749450546923319,0.8564154783970429,0.04416403771557086,0.822358128172044
753_cfd,0.9798708920167256,0.7713080766640213,0.5562248993191642,0.8926532164269788,0.028673835022674427,0.8321372308041189
754_cfd,0.9872448021609416,0.8861705742105119,0.7744270203198004,0.9170896783558223,0.26030368707092477,0.7737391522105723
755_cfd,0.9858320910756093,0.8072982729628598,0.7266797128230746,0.9010038073899266,0.4726562490768433,0.825259717424389
756_cfd,0.9771200057258378,0.7250158496871763,0.7380205999243123,0.893426930297794,0.4881602905497991,0.860781192498986
757_cfd,0.9827243886692683,0.8377470172692374,0.769469866902181,0.9050261612644639,0.44144144077861647,0.8746372061722089
758_cfd,0.9861521872735348,0.8382096335333276,0.7496221660580297,0.8905158068401804,0.40140844999752034,0.7393509126539298
759_cfd,0.9878474173442758,0.8539523625692308,0.7292497280302193,0.8866206028758447,0.48666666585555557,0.6274049740433117
75_cfd,0.9856268459364227,0.8281475540967062,0.690736688296595,0.8894571202027031,0.4133858259579019,0.8420709865578996
760_cfd,0.9830563493983677,0.7555435370130006,0.6500583882249675,0.8851441239722518,0.0,0.7834922226814485
761_cfd,0.9835136133968491,0.741325083746258,0.6803205697505964,0.9007743560416397,0.29799426848712246,0.8622047243245862
762_cfd,0.9790224533519242,0.775349883660323,0.7024044145245556,0.860108591366958,0.45691905945571926,0.03333333331790124
763_cfd,0.9823034654745258,0.7839964036568519,0.7315220564617231,0.8738616545487576,0.3023758092821257,0.7079504593072412
764_cfd,0.9836730111985937,0.7987491796008667,0.5618874771100227,0.8751397687523034,0.12781954839165582,0.8271163724785441
765_cfd,0.9809829485117665,0.7566630719166283,0.6370302471874288,0.9076707388528598,0.05692599609691462,0.811733589707654
766_cfd,0.9852388681526663,0.7892072541018721,0.6673669465450396,0.8956264155958135,0.18749999972098214,0.8537005162737837
767_cfd,0.9857175439333244,0.7795981452457703,0.7126971810931737,0.8886666665185555,0.3924646775628498,0.801507864188027
768_cfd,0.9801457105011467,0.7735957891422022,0.6533333331155555,0.8947918843558268,0.2749445670178613,0.0
769_cfd,0.9871129957078162,0.8637633524706753,0.6913023883075028,0.8771130102797505,0.03738317748274959,0.8070942037261156
76_cfd,0.9871747572187853,0.8540421000551215,0.7057433229246647,0.878517990580955,0.3296296290192044,0.8721217104366651
770_cfd,0.9848388741693203,0.8011226168198431,0.6574314572417226,0.9020374896655196,0.290456430932663,0.8563208055335083
771_cfd,0.9850295864099712,0.8299665977149685,0.4602184083773647,0.8943914078477353,0.0,0.8432432430913075
772_cfd,0.9870627199317179,0.8377264873593352,0.6740456289419368,0.8914489695129889,0.229999999425,0.860590163821562
773_cfd,0.9834988423674456,0.7904621917038027,0.6777371233668064,0.8858294155665162,0.49900199501197207,0.7825494204795433
774_cfd,0.983319975135388,0.7884309877213143,0.733641053289807,0.9106707315684953,0.28965517174791916,0.2935897434956443
775_cfd,0.9766799101724362,0.7593679457994399,0.6981723235775007,0.8792857141286989,0.5962264139693841,0.20416813839485407
776_cfd,0.9858287975423572,0.7264412624089931,0.6797202795301482,0.9154488516152663,0.30588235222145327,0.8130605662790426
777_cfd,0.9803821082807203,0.7470930232299594,0.6960963149594688,0.9110490624429499,0.16783216724534208,0.8556616642761716
778_cfd,0.9871128416143471,0.8335151647028796,0.7296753804281312,0.9166827013822045,0.454248365270836,0.7327418306139922
779_cfd,0.9819074495630933,0.792436458267022,0.7773705907518619,0.8996529784702642,0.40701754314558325,0.8181595691607734
77_cfd,0.9803208976089738,0.7593608723898485,0.6201175248461398,0.8755195797690833,0.11594202864944339,0.8557339448559937
780_cfd,0.9866088206918097,0.8360976439212342,0.7200338836425101,0.9127015334422529,0.34844868651921557,0.5024009602333731
781_cfd,0.9862171256417658,0.8519692859818937,0.7813490265320622,0.90949437297361,0.34323432286594996,0.792447740958537
782_cfd,0.9860039219982918,0.8255061494484198,0.6492659050303067,0.894520878374482,0.0,0.0
783_cfd,0.9877499001723667,0.8553506460563145,0.5908013273632996,0.8929037062967212,0.06617647034493945,0.8726567549156802
784_cfd,0.9844609230914101,0.7926321543886357,0.7242432655583885,0.9085328420950686,0.3885209704447661,0.7448907680153469
785_cfd,0.9837237147326704,0.8051156602375384,0.6491750065866446,0.8679026649540551,0.1703470026172019,0.8380721542986788
786_cfd,0.9879946335157014,0.8544698544328452,0.6758080310108677,0.9056963229366172,0.31208053638912664,0.3289224951186567
787_cfd,0.9883018341199101,0.8604719763588755,0.6679999997328,0.8858720660639963,0.44444444332210997,0.2675159234532841
788_cfd,0.9790147623219267,0.8012767393793918,0.7392506912901055,0.9028202512907203,0.3038869247212476,0.8456395561791463
789_cfd,0.9789029535844399,0.7768778294238897,0.7018181816358914,0.8868344460046508,0.36437246889803143,0.7543947763679232
78_cfd,0.9771452112411158,0.7275601615764075,0.6909572703905409,0.8895120581623644,0.01252609600725241,0.7874302629184299
790_cfd,0.9849137366920857,0.7720836855044334,0.5798467881085169,0.9047619045527595,0.0,0.1749469213694493
791_cfd,0.9839526291796469,0.7764969430729222,0.6260355025881447,0.8930296754329353,0.08306709238636711,0.18769716080926768
792_cfd,0.9821959016802427,0.7975098295908872,0.7804621846689963,0.920724801681664,0.21390374293421793,0.8110499879441461
793_cfd,0.9833196530860723,0.8004172751595904,0.7074554292109176,0.8780292407614602,0.2666666661988304,0.4732214227356191
794_cfd,0.9848937749493752,0.6521218815564649,0.7312095568115456,0.9054163296838453,0.3938814524017563,0.4625206903611916
795_cfd,0.9880287834751881,0.8573061870253152,0.6608695649437394,0.9093176552807202,0.1660649813499459,0.7604352767970707
796_cfd,0.9838145716961454,0.796919971562183,0.7299042527878191,0.9015676265217704,0.17543859572176054,0.8802884104675762
797_cfd,0.9837617042648908,0.8297407653331517,0.6479452052575531,0.8490412074971355,0.0,0.7993805433198112
798_cfd,0.9857598649657566,0.7773745333483318,0.7001603418759593,0.8857881135424999,0.3701492526264201,0.8457241082030807
799_cfd,0.9762117496315647,0.6656010705276336,0.7062579818945537,0.8771084335839744,0.03809523800453515,0.7829168880413048
79_cfd,0.9838193813816732,0.7818172520948091,0.20992907771641264,0.8001907483070144,0.0,0.3315190498932412
7_cfd,0.9907277255780976,0.9092814001658276,0.7479772248282958,0.9306225108089241,0.3206106864110483,0.849430488309453
800_cfd,0.9824363760299508,0.7741702219692613,0.6779193934970998,0.8562992124298623,0.39118457192511136,0.7845596431459644
801_cfd,0.983361394471577,0.7768697374617438,0.711629060076462,0.8717410322184179,0.0,0.7119606357471686
802_cfd,0.9733019710163852,0.7421436661817521,0.7509596927180998,0.9110665327798283,0.1957446804345858,0.8674254074779632
803_cfd,0.9856266725427921,0.850086570159417,0.5809379723290937,0.8948385313566551,0.0,0.5552371854329077
804_cfd,0.9845299027520763,0.810592666584265,0.6576862121007583,0.8825366320243726,0.47154471416925553,0.6644990854166838
805_cfd,0.9811096138404504,0.7199596403999284,0.6735083530612151,0.8588899339466392,0.050505050377512496,0.8343195265421016
806_cfd,0.9761669722162191,0.7745287711907984,0.6643564354791197,0.8713976943675436,0.4510869552959594,0.8479289939992181
807_cfd,0.9728739113299486,0.7712332615232879,0.6082916366660859,0.8968395943357503,0.0,0.8027464214124582
808_cfd,0.9797648504554781,0.7394430051574015,0.5955773952847285,0.8705161852864137,0.0,0.7461268331447786
809_cfd,0.9762214468656619,0.739268732554869,0.6815195656436677,0.8816653321246332,0.36245954633906224,0.7607213546557376
80_cfd,0.9840136158396592,0.75966702467062,0.6971500154409177,0.8760233916421006,0.012711864379847745,0.6312893079279523
810_cfd,0.9782392690880979,0.7696777192140658,0.5909694553150832,0.8916175506071352,0.2596348879114911,0.27197875158778784
811_cfd,0.9847401713254396,0.818268107446763,0.7157614126238716,0.9092549159463729,0.0,0.8146983127230915
812_cfd,0.9818271047715503,0.7813382161905341,0.6848404253801328,0.9110576921512606,0.2441113485136802,0.857579812573353
813_cfd,0.9818230604570715,0.8259093774615304,0.30307692284378696,0.8787878785501115,0.0,0.7919754200628998
814_cfd,0.985092644637884,0.8335259710401203,0.6747324333761133,0.9171701420937107,0.0,0.7703145477112853
815_cfd,0.9809892245992897,0.8240367141767322,0.6956891058195606,0.891703609738489,0.3053763434292982,0.850140844990597
816_cfd,0.9895925382472882,0.9109001370304666,0.5934561863131042,0.9182968928043158,0.0,0.8544366143173118
817_cfd,0.9841859744075417,0.6867042115152605,0.7099331184766081,0.9121079502348454,0.0,0.81559296281286
818_cfd,0.9814983152592577,0.7920599666576881,0.7123088126457128,0.8758078601090291,0.3627684955542518,0.8264593192667952
819_cfd,0.9858982886333222,0.845253812845652,0.7089249491103131,0.8810391254742532,0.14527845001143233,0.8336407229189494
81_cfd,0.989271801259331,0.8543466274189327,0.5511575798721751,0.8873791479259527,0.0,0.5774594796164872
820_cfd,0.9811776771770274,0.7778109551515274,0.7175815431669103,0.8966960680375697,0.38273921128941985,0.8495092692407975
821_cfd,0.9847163478913037,0.8038467651882114,0.6881377548826092,0.8853654668011153,0.20118343135744546,0.8379755836389741
822_cfd,0.9760434634393215,0.7211702164371923,0.6756369880688128,0.8890977441937785,0.30649350569741945,0.10791366901622587
823_cfd,0.9865970387021327,0.8789616008336412,0.7145979019417399,0.8809881487429497,0.3642611677590014,0.8478220914493823
824_cfd,0.9807350269722688,0.8039853999932923,0.6615425389182236,0.8758427888709351,0.034883720828826396,0.8082389288560001
825_cfd,0.9875659930416226,0.8949507473687762,0.7143189753866545,0.8998296420954293,0.2479674791707978,0.8736420811059994
826_cfd,0.9828034003698369,0.7435041500927687,0.6125044151845622,0.8943901883047035,0.06037735826272695,0.792697290813796
82_cfd,0.9766553816279255,0.7024926938042808,0.6381709738378871,0.8836668215719714,0.1401273880887663,0.8089670964434172
83_cfd,0.9905611378961509,0.8828201607725622,0.7296928325154632,0.8897154545490579,0.17826086917769376,0.8058523753401524
84_cfd,0.985166450477607,0.8105626650087117,0.6121992162214889,0.9065196546245158,0.03623188399233354,0.0
85_cfd,0.988053650405046,0.7606587254598283,0.6474190723327126,0.8993163452767817,0.0,0.6734374998246256
86_cfd,0.9851873616881246,0.8095994913855055,0.5147770013354234,0.8623452292152597,0.0,0.8519316861462557
87_cfd,0.9864735978512409,0.7576388888513076,0.7309970383191025,0.8767958204447549,0.14046822718985247,1.0
88_cfd,0.9858165728057405,0.7173264371913449,0.6300868767123518,0.909447959653186,0.0,0.6406406405123842
89_cfd,0.9880334133535266,0.8075626070646491,0.7907471415073791,0.9205236952018211,0.25139664734246747,0.7996466950096206
8_cfd,0.9913624749764199,0.8882574505459422,0.7339055792241521,0.8879484077210905,0.08219178059673485,0.8471084635334936
90_cfd,0.9892208014393101,0.8680062358882727,0.7518624639679478,0.9164610502438383,0.03809523797430083,0.8455259974538201
91_cfd,0.9818421128856392,0.756975304117543,0.7019533709193594,0.9147132168055339,0.0,0.7975460120742218
92_cfd,0.9788909665521522,0.7251372989901033,0.6102449886699826,0.8676311029172457,0.0,1.0
93_cfd,0.9817878062425879,0.734728783159524,0.6270983211549466,0.8767793592355917,0.1338289960337751,0.0
94_cfd,0.9849737696961496,0.7562638335211924,0.5471599788706826,0.8745379428409353,0.0,0.8365413990722452
95_cfd,0.9809828626638306,0.7286110597104268,0.6465163932770194,0.8391819158580878,0.0,1.0
96_cfd,0.9828835244693915,0.7647448092991668,0.7607551839180579,0.9112307997384339,0.17710583115095932,0.44420210816277644
97_cfd,0.9828066538148844,0.6965293212217246,0.6105165190272143,0.8871072587460221,0.0,1.0
98_cfd,0.9840533132852791,0.8465770170861662,0.6900314793934875,0.8835368998996151,0.4067796604424016,0.8538492380860215
99_cfd,0.9832021772590493,0.8206180775764612,0.6785425099841007,0.8832595215441523,0.45871559562887526,0.8674170883986237
9_cfd,0.991041495138727,0.909154970878551,0.7078625776555538,0.8567874909636127,0.14634146309015197,0.8150461704487987
